Code,Subject,Dept,Level,A,B,C,D,FX,F,Pass,Not Pass,IP,W,Total,%,Gender,Semester,Year,teacher_id
ACC 206,Corporate and Business Law (ACCA),BS,0,3,6,11,13,0,7,0,0,0,0,40,7.5%   15%   27.5%   32.5%   17.5%,1,2,2022,496
ACC 206,Corporate and Business Law (ACCA),BS,0,11,29,25,6,0,4,0,0,0,0,75,14.7%   38.7%   33.3%   8%   5.3%,0,2,2022,153
ACC 206,Corporate and Business Law (ACCA),BS,0,0,5,4,10,0,1,0,0,0,2,22,0%   22.7%   18.2%   45.5%   4.5%,1,2,2022,497
ACC 302,Audit and Assurance (ACCA),BS,0,12,29,17,44,18,15,0,0,0,0,135,8.9%   21.5%   12.6%   32.6%   24.4%,0,2,2022,498
ACC 303,Taxation (ACCA),BS,0,26,36,30,28,3,8,0,0,0,0,131,19.8%   27.5%   22.9%   21.4%   8.4%,1,2,2022,499
ACC 304,International Taxation,BS,1,5,13,12,12,0,4,0,0,0,0,46,10.9%   28.3%   26.1%   26.1%   8.7%,1,2,2022,1
ACC 314,Managerial Accounting (CIMA),BS,0,3,3,5,7,0,7,0,0,0,0,25,12%   12%   20%   28%   28%,1,2,2022,499
ACC 314,Managerial Accounting (CIMA),BS,0,4,7,7,8,0,6,0,0,0,0,32,12.5%   21.9%   21.9%   25%   18.8%,1,2,2022,62
CSS 105,Fundamentals of Programming,ENG,0,11,16,13,7,0,17,0,0,0,1,65,16.9%   24.6%   20%   10.8%   26.2%,0,2,2022,5
CSS 108,Programming Technologies and Educational Practice,ENG,0,3,8,5,8,10,12,0,0,0,1,47,6.4%   17%   10.6%   17%   46.8%,1,2,2022,317
CSS 108,Programming Technologies and Educational Practice,ENG,0,15,64,82,74,56,55,0,0,0,4,350,4.3%   18.3%   23.4%   21.1%   31.7%,1,2,2022,380
CSS 108,Programming Technologies and Educational Practice,ENG,0,7,21,25,36,11,40,0,0,0,6,146,4.8%   14.4%   17.1%   24.7%   34.9%,0,2,2022,381
CSS 108,Programming Technologies and Educational Practice,ENG,0,10,6,16,14,6,11,0,0,0,0,63,15.9%   9.5%   25.4%   22.2%   27%,1,2,2022,382
CSS 111,Physics 1,ENG,1,12,30,40,18,5,14,0,0,0,2,121,9.9%   24.8%   33.1%   14.9%   15.7%,1,2,2022,500
CSS 206,Database Management Systems 1,ENG,0,27,23,14,8,0,4,0,0,0,0,76,35.5%   30.3%   18.4%   10.5%   5.3%,1,2,2022,11
CSS 206,Database Management Systems 1,ENG,0,0,7,8,3,2,14,0,0,0,1,35,0%   20%   22.9%   8.6%   45.7%,1,2,2022,73
CSS 215,Introduction to Algorithms,ENG,0,63,37,19,6,0,5,0,0,0,0,130,48.5%   28.5%   14.6%   4.6%   3.8%,0,2,2022,7
CSS 220,Advanced Algorithms,ENG,0,25,32,20,5,1,11,0,0,0,4,98,25.5%   32.7%   20.4%   5.1%   12.2%,0,2,2022,16
CSS 220,Advanced Algorithms,ENG,0,9,8,9,15,2,5,0,0,0,2,50,18%   16%   18%   30%   14%,0,2,2022,9
CSS 220,Advanced Algorithms,ENG,0,26,8,8,13,0,4,0,0,0,0,59,44.1%   13.6%   13.6%   22%   6.8%,0,2,2022,76
CSS 220,Advanced Algorithms,ENG,0,11,22,25,21,13,18,0,0,0,5,115,9.6%   19.1%   21.7%   18.3%   27%,0,2,2022,77
CSS 254,Digital design,ENG,0,30,41,49,13,1,8,0,0,0,0,142,21.1%   28.9%   34.5%   9.2%   6.3%,1,2,2022,11
CSS 306,Cyber Security,ENG,0,2,6,10,7,0,5,0,0,0,1,31,6.5%   19.4%   32.3%   22.6%   16.1%,0,2,2022,387
CSS 309,Low-level Architecture,ENG,1,39,25,19,11,3,18,0,0,0,0,115,33.9%   21.7%   16.5%   9.6%   18.3%,0,2,2022,14
CSS 330,Data wrangling and visualization,ENG,1,8,10,2,4,0,3,0,0,0,0,27,29.6%   37%   7.4%   14.8%   11.1%,1,2,2022,388
CSS 342,Software engineering,ENG,1,30,24,21,21,1,21,0,0,0,2,120,25%   20%   17.5%   17.5%   18.3%,1,2,2022,17
CSS 345,Advanced computer architecture,ENG,1,17,13,8,0,0,10,0,0,0,0,48,35.4%   27.1%   16.7%   0%   20.8%,1,2,2022,18
CSS 356,Introduction to IoT,ENG,0,1,9,5,12,4,10,0,0,0,1,42,2.4%   21.4%   11.9%   28.6%   33.3%,0,2,2022,31
CSS 358,Design Patterns,ENG,0,4,7,6,3,0,8,0,0,0,0,28,14.3%   25%   21.4%   10.7%   28.6%,0,2,2022,385
CSS 375,RedHat - System Administration (I + II),ENG,0,6,6,14,7,5,10,0,0,0,1,49,12.2%   12.2%   28.6%   14.3%   30.6%,0,2,2022,420
CSS 381,Industrial practice 2,ENG,0,71,0,28,5,0,11,0,0,0,0,115,61.7%   0%   24.3%   4.3%   9.6%,0,2,2022,21
CSS 410,Research tools and methods,ENG,0,2,2,0,1,1,5,0,0,0,0,11,18.2%   18.2%   0%   9.1%   54.5%,1,2,2022,313
CSS 410,Research tools and methods,ENG,0,0,0,0,0,0,3,0,0,0,0,3,0%   0%   0%   0%   100%,0,2,2022,423
CSS 410,Research tools and methods,ENG,0,1,1,0,0,0,0,0,0,0,1,3,33.3%   33.3%   0%   0%   0%,0,2,2022,501
CSS 410,Research tools and methods,ENG,0,1,1,0,3,0,0,0,0,0,0,5,20%   20%   0%   60%   0%,0,2,2022,389
CSS 410,Research tools and methods,ENG,0,1,0,0,0,0,0,0,0,0,0,1,100%   0%   0%   0%   0%,0,2,2022,28
CSS 410,Research tools and methods,ENG,0,1,0,0,0,0,2,0,0,0,1,4,25%   0%   0%   0%   50%,1,2,2022,87
CSS 410,Research tools and methods,ENG,0,0,1,0,1,0,1,0,0,0,0,3,0%   33.3%   0%   33.3%   33.3%,0,2,2022,89
CSS 411,Advanced Programming using JAVA EE,ENG,0,15,12,14,10,0,7,0,0,0,0,58,25.9%   20.7%   24.1%   17.2%   12.1%,0,2,2022,502
CSS 415,IT Management,ENG,0,68,42,17,1,1,2,0,0,0,0,131,51.9%   32.1%   13%   0.8%   2.3%,0,2,2022,26
CSS 437,Game Development,ENG,0,16,12,10,15,9,18,0,0,0,1,81,19.8%   14.8%   12.3%   18.5%   33.3%,0,2,2022,28
CSS 440,Distributed Computing,ENG,0,9,6,6,3,0,4,0,0,0,0,28,32.1%   21.4%   21.4%   10.7%   14.3%,0,2,2022,16
CSS 481,Industrial practice 3,ENG,0,1,0,0,0,0,1,0,0,0,0,2,50%   0%   0%   0%   50%,0,2,2022,21
CSS 497,Pregraduational Internship,ENG,0,103,5,4,0,0,5,0,0,0,0,117,88%   4.3%   3.4%   0%   4.3%,0,2,2022,21
CSS 502,Methods of Writing MSc Thesis,ENG,1,1,0,0,0,0,0,0,0,0,0,1,100%   0%   0%   0%   0%,0,2,2022,174
CSS 507,"Data Сollection, Wrangling, Analysis and Visualization",ENG,1,4,5,1,0,0,11,0,0,0,0,21,19%   23.8%   4.8%   0%   52.4%,1,2,2022,12
CSS 507,"Data Сollection, Wrangling, Analysis and Visualization",ENG,1,11,5,0,2,0,1,0,0,0,0,19,57.9%   26.3%   0%   10.5%   5.3%,0,2,2022,36
CSS 524,Networking in IoT,ENG,0,3,5,4,3,0,3,0,0,0,1,19,15.8%   26.3%   21.1%   15.8%   15.8%,0,2,2022,503
CSS 528,Algorithms and Competitive Programming,ENG,1,0,2,0,0,0,7,0,0,0,0,9,0%   22.2%   0%   0%   77.8%,0,2,2022,32
CSS 528,Algorithms and Competitive Programming,ENG,1,16,0,1,0,0,3,0,0,0,0,20,80%   0%   5%   0%   15%,0,2,2022,23
CSS 528,Algorithms and Competitive Programming,ENG,1,7,4,2,3,2,2,0,0,0,0,20,35%   20%   10%   15%   20%,0,2,2022,33
CSS 528,Algorithms and Competitive Programming,ENG,1,1,3,3,1,0,12,0,0,0,0,20,5%   15%   15%   5%   60%,0,2,2022,394
CSS 542,Introduction to Cyber Security,ENG,0,8,7,0,0,0,4,0,0,0,0,19,42.1%   36.8%   0%   0%   21.1%,0,2,2022,395
CSS 592,Pedagogical practice in High Education Department,ENG,0,38,0,1,0,0,21,0,0,0,0,60,63.3%   0%   1.7%   0%   35%,1,2,2022,25
CSS 609,Models and algorithms for pattern recognition,ENG,1,3,6,0,0,0,9,0,0,0,0,18,16.7%   33.3%   0%   0%   50%,0,2,2022,34
CSS 615,Big Data Analytics,ENG,0,1,2,1,1,0,13,0,0,0,0,18,5.6%   11.1%   5.6%   5.6%   72.2%,1,2,2022,25
CSS 633,Machine Learning,ENG,1,1,4,3,0,1,12,0,0,0,0,21,4.8%   19%   14.3%   0%   61.9%,1,2,2022,29
CSS 633,Machine Learning,ENG,0,2,3,1,0,0,4,0,0,0,1,11,18.2%   27.3%   9.1%   0%   36.4%,0,2,2022,393
CSS 633,Machine Learning,ENG,0,5,0,0,0,0,1,0,0,0,0,6,83.3%   0%   0%   0%   16.7%,0,2,2022,3
CSS 690,Research practice,ENG,0,30,0,0,0,0,9,0,0,0,0,39,76.9%   0%   0%   0%   23.1%,1,2,2022,25
CSS 705,Academic Writing,ENG,1,2,0,0,0,0,0,0,0,0,0,2,100%   0%   0%   0%   0%,0,2,2022,39
CSS 721,Advanced Computer Vision,ENG,1,2,0,0,0,0,0,0,0,0,0,2,100%   0%   0%   0%   0%,0,2,2022,38
CSS 727,Artificial Intelligence in Education,ENG,1,1,1,0,0,0,0,0,0,0,0,2,50%   50%   0%   0%   0%,0,2,2022,396
CSS 783,Pedagogical practice in Higher Education,ENG,1,4,0,0,0,0,0,0,0,0,0,4,100%   0%   0%   0%   0%,1,2,2022,12
ECO 111,Mathematics for Economics 2,BS,0,38,14,12,11,16,47,0,0,0,4,142,26.8%   9.9%   8.5%   7.7%   44.4%,1,2,2022,397
ECO 111,Mathematics for Economics 2,BS,0,13,15,11,11,1,8,0,0,0,4,63,20.6%   23.8%   17.5%   17.5%   14.3%,0,2,2022,41
ECO 111,Mathematics for Economics 2,BS,0,7,5,7,2,2,7,0,0,0,2,32,21.9%   15.6%   21.9%   6.3%   28.1%,0,2,2022,344
ECO 113,Economic Theory,BS,1,11,18,11,12,2,9,0,0,0,0,63,17.5%   28.6%   17.5%   19%   17.5%,1,2,2022,44
ECO 113,Economic Theory,BS,0,12,10,6,4,0,0,0,0,0,0,32,37.5%   31.3%   18.8%   12.5%   0%,1,2,2022,398
ECO 113,Economic Theory,BS,1,40,15,18,7,1,8,0,0,0,2,91,44%   16.5%   19.8%   7.7%   9.9%,0,2,2022,46
ECO 113,Economic Theory,BS,0,5,8,13,30,0,6,0,0,0,0,62,8.1%   12.9%   21%   48.4%   9.7%,0,2,2022,465
ECO 198,Educational practice,BS,0,52,4,1,0,0,9,0,0,0,3,69,75.4%   5.8%   1.4%   0%   13%,1,2,2022,50
ECO 198,Educational practice,BS,0,42,3,1,0,0,5,0,0,0,1,52,80.8%   5.8%   1.9%   0%   9.6%,0,2,2022,54
ECO 198,Educational practice,BS,0,39,11,0,0,0,6,0,0,0,0,56,69.6%   19.6%   0%   0%   10.7%,1,2,2022,62
ECO 198,Educational practice,BS,0,63,7,1,2,0,8,0,0,0,0,81,77.8%   8.6%   1.2%   2.5%   9.9%,0,2,2022,42
ECO 208,Macroeconomics (CIMA),BS,0,8,5,6,2,3,8,0,0,0,0,32,25%   15.6%   18.8%   6.3%   34.4%,1,2,2022,50
ECO 208,Macroeconomics (CIMA),BS,0,6,7,9,6,1,2,0,0,0,0,31,19.4%   22.6%   29%   19.4%   9.7%,1,2,2022,398
ECO 208,Macroeconomics (CIMA),BS,0,7,9,23,30,25,48,0,0,0,2,144,4.9%   6.3%   16%   20.8%   50.7%,1,2,2022,402
ECO 209,Macroeconomics (CFA),BS,0,15,16,12,9,3,7,0,0,0,2,64,23.4%   25%   18.8%   14.1%   15.6%,1,2,2022,50
ECO 212,Statistics - II,BS,0,10,34,50,27,4,11,0,0,0,6,142,7%   23.9%   35.2%   19%   10.6%,1,2,2022,400
ECO 212,Statistics - II,BS,0,5,7,7,4,2,19,0,0,0,3,47,10.6%   14.9%   14.9%   8.5%   44.7%,0,2,2022,42
ECO 212,Statistics - II,BS,0,11,16,15,10,1,26,0,0,0,4,83,13.3%   19.3%   18.1%   12%   32.5%,0,2,2022,440
ECO 318,Introduction to machine learning,BS,0,24,26,21,18,12,9,0,0,0,2,112,21.4%   23.2%   18.8%   16.1%   18.8%,0,2,2022,54
ECO 318,Introduction to machine learning,BS,0,15,16,30,26,11,17,0,0,0,1,116,12.9%   13.8%   25.9%   22.4%   24.1%,1,2,2022,55
ECO 493,Undergraduate Dissertation,BS,0,9,3,0,0,0,0,0,0,0,0,12,75%   25%   0%   0%   0%,1,2,2022,504
ECO 495,Final Attestation,BS,0,7,11,16,19,0,0,0,0,0,0,53,13.2%   20.8%   30.2%   35.8%   0%,1,2,2022,504
ECO 508,Corporate financial management,BS,1,2,3,0,0,0,0,0,0,0,0,5,40%   60%   0%   0%   0%,0,2,2022,49
ECO 514,Business research,BS,1,2,4,3,0,0,0,0,0,0,0,9,22.2%   44.4%   33.3%   0%   0%,1,2,2022,146
ECO 514,Business research,BS,1,1,3,2,0,0,0,0,0,0,0,6,16.7%   50%   33.3%   0%   0%,1,2,2022,401
ECO 516,Corporate financial management,BS,1,0,3,0,1,0,0,0,0,0,0,4,0%   75%   0%   25%   0%,0,2,2022,49
ECO 518,Health economics and health technology assessment,BS,0,8,2,0,0,0,0,0,0,0,0,10,80%   20%   0%   0%   0%,1,2,2022,148
ECO 520,Macroeconomic analysis,BS,1,2,0,0,0,0,3,0,0,0,0,5,40%   0%   0%   0%   60%,0,2,2022,150
ECO 525,Data Analysis,BS,1,4,4,0,0,0,5,0,0,0,0,13,30.8%   30.8%   0%   0%   38.5%,0,2,2022,64
ECO 590,Pedagogical practice,BS,0,10,0,0,0,0,3,0,0,0,0,13,76.9%   0%   0%   0%   23.1%,1,2,2022,53
ECO 601,Agricultural Economics,BS,0,2,4,1,2,0,0,0,0,0,0,9,22.2%   44.4%   11.1%   22.2%   0%,0,2,2022,403
ECO 606,Research practice,BS,0,9,4,0,0,0,2,0,0,0,0,15,60%   26.7%   0%   0%   13.3%,1,2,2022,53
ECO 610,Corporate Financial management,BS,1,0,0,2,0,0,1,0,0,0,0,3,0%   0%   66.7%   0%   33.3%,0,2,2022,64
FIN 202,Financial Accounting,BS,0,14,25,31,29,15,30,0,0,0,2,146,9.6%   17.1%   21.2%   19.9%   30.8%,1,2,2022,61
FIN 202,Financial Accounting,BS,0,18,18,5,10,0,5,0,0,0,0,56,32.1%   32.1%   8.9%   17.9%   8.9%,1,2,2022,62
FIN 202,Financial Accounting,BS,0,4,4,20,25,8,16,0,0,0,2,79,5.1%   5.1%   25.3%   31.6%   30.4%,0,2,2022,465
FIN 204,Accounting according to IFRS (ACCA),BS,0,5,7,10,44,18,38,0,0,0,17,139,3.6%   5%   7.2%   31.7%   40.3%,0,2,2022,63
FIN 302,Corporate Finance (CIMA),BS,0,5,5,4,5,0,2,0,0,0,0,21,23.8%   23.8%   19%   23.8%   9.5%,1,2,2022,496
FIN 302,Corporate Finance (CIMA),BS,0,24,43,38,15,1,6,0,0,0,0,127,18.9%   33.9%   29.9%   11.8%   5.5%,1,2,2022,399
FIN 303,Fundamentals of Financial Management,BS,0,1,2,5,2,0,1,0,0,0,0,11,9.1%   18.2%   45.5%   18.2%   9.1%,0,2,2022,366
FIN 304,Equity Investments (CFA),BS,0,62,2,1,0,0,6,0,0,0,0,71,87.3%   2.8%   1.4%   0%   8.5%,0,2,2022,63
FIN 306,Managerial Accounting (ACCA),BS,1,7,23,43,33,12,10,0,0,0,0,128,5.5%   18%   33.6%   25.8%   17.2%,1,2,2022,401
FIN 316,Corporate Finance (CFA),BS,0,8,8,7,7,2,6,0,0,0,0,38,21.1%   21.1%   18.4%   18.4%   21.1%,1,2,2022,405
FIN 501,Corporate management: Legal and organizational issues,BS,0,1,3,1,1,0,0,0,0,0,0,6,16.7%   50%   16.7%   16.7%   0%,1,2,2022,496
FIN 503,Intellectul Property management,BS,0,2,2,2,0,0,0,0,0,0,0,6,33.3%   33.3%   33.3%   0%   0%,0,2,2022,138
FIN 509,Design and Critical Thinking for Business Strategy,BS,0,3,2,1,0,0,0,0,0,0,0,6,50%   33.3%   16.7%   0%   0%,1,2,2022,148
FIN 513,Introduction to Python,BS,0,2,3,0,1,0,0,0,0,0,0,6,33.3%   50%   0%   16.7%   0%,0,2,2022,54
FPH 201,Highlights of Western Literature,PED,0,33,54,26,13,4,15,0,0,0,0,145,22.8%   37.2%   17.9%   9%   13.1%,0,2,2022,67
HIS 453,Final state examination in specialty,LAW,0,0,1,0,0,0,0,0,0,0,0,1,0%   100%   0%   0%   0%,1,2,2022,505
HPE 109,History of the ancient world,PED,0,10,5,0,0,0,0,0,0,0,0,15,66.7%   33.3%   0%   0%   0%,1,2,2022,408
HPE 116,Archeology,PED,0,7,8,0,0,0,0,0,0,0,0,15,46.7%   53.3%   0%   0%   0%,1,2,2022,506
HPE 202,Theory and methods of educational work,PED,1,3,7,2,0,0,0,0,0,0,0,12,25%   58.3%   16.7%   0%   0%,1,2,2022,118
HPE 207,Historical geography of Kazakhstan,PED,0,7,4,1,0,0,0,0,0,0,0,12,58.3%   33.3%   8.3%   0%   0%,1,2,2022,408
HPE 210,New and modern history of the countries of Europe and America,PED,0,6,5,1,0,0,0,0,0,0,0,12,50%   41.7%   8.3%   0%   0%,1,2,2022,507
HPE 311,History of Kazakh statehood,LAW,1,1,8,3,1,0,0,0,0,0,0,13,7.7%   61.5%   23.1%   7.7%   0%,1,2,2022,68
INF 106,Information and Communications Technologies (Computer Science),ENG,0,0,4,7,16,0,6,0,0,0,0,33,0%   12.1%   21.2%   48.5%   18.2%,0,2,2022,409
INF 137,Mathematics for Information Systems 1,ENG,0,2,15,12,7,0,7,0,0,0,0,43,4.7%   34.9%   27.9%   16.3%   16.3%,0,2,2022,347
INF 138,Mathematics for Information Systems 2,ENG,0,7,34,48,30,28,11,0,0,0,2,160,4.4%   21.3%   30%   18.8%   24.4%,0,2,2022,410
INF 138,Mathematics for Information Systems 2,ENG,0,10,25,48,39,16,56,0,0,0,1,195,5.1%   12.8%   24.6%   20%   36.9%,0,2,2022,70
INF 228,UX/UI design,ENG,0,41,14,5,11,0,3,0,0,0,1,75,54.7%   18.7%   6.7%   14.7%   4%,0,2,2022,89
INF 232,Web programming: back end,ENG,0,158,111,66,51,9,80,0,0,0,3,478,33.1%   23.2%   13.8%   10.7%   18.6%,0,2,2022,78
INF 261,Game Physics,ENG,0,18,7,31,28,3,29,0,0,0,1,117,15.4%   6%   26.5%   23.9%   27.4%,0,2,2022,79
INF 305,Database Management Systems 2,ENG,0,121,61,25,7,0,6,0,0,0,1,221,54.8%   27.6%   11.3%   3.2%   2.7%,0,2,2022,508
INF 305,Database Management Systems 2,ENG,0,81,91,19,4,4,14,0,0,0,1,214,37.9%   42.5%   8.9%   1.9%   8.4%,0,2,2022,16
INF 313,Computer networks 1,ENG,0,1,24,48,45,56,113,0,0,0,19,306,0.3%   7.8%   15.7%   14.7%   55.2%,1,2,2022,75
INF 313,Computer networks 1,ENG,0,5,20,67,64,67,65,0,0,0,13,301,1.7%   6.6%   22.3%   21.3%   43.9%,0,2,2022,420
INF 324,Computer vision,ENG,1,33,19,2,0,0,4,0,0,0,1,59,55.9%   32.2%   3.4%   0%   6.8%,0,2,2022,38
INF 328,3D modeling,ENG,0,19,14,4,6,0,3,0,0,0,0,46,41.3%   30.4%   8.7%   13%   6.5%,1,2,2022,419
INF 332,Enterprise Architecture,ENG,0,5,24,31,17,4,19,0,0,0,0,100,5%   24%   31%   17%   23%,0,2,2022,418
INF 333,Server Administration with Active Directory - Windows Server (Microsoft Certified Solutions Associate),ENG,0,6,10,8,8,0,18,0,0,0,2,52,11.5%   19.2%   15.4%   15.4%   34.6%,1,2,2022,390
INF 337,Deep Learning,ENG,1,11,9,4,3,0,0,0,0,0,1,28,39.3%   32.1%   14.3%   10.7%   0%,0,2,2022,36
INF 362,Design for Manufacture,ENG,0,32,39,22,4,1,15,0,0,0,1,114,28.1%   34.2%   19.3%   3.5%   14%,1,2,2022,87
INF 363,Advanced VFX and Post Production,ENG,0,10,15,20,21,5,11,0,0,0,2,84,11.9%   17.9%   23.8%   25%   19%,0,2,2022,83
INF 367,3D Animation And Visual Effects,ENG,0,2,15,21,15,3,13,0,0,0,2,71,2.8%   21.1%   29.6%   21.1%   22.5%,0,2,2022,83
INF 368,The Go programming language,ENG,0,41,49,5,7,0,14,0,0,0,0,116,35.3%   42.2%   4.3%   6%   12.1%,0,2,2022,16
INF 369,Data visuallisation and storytelling,ENG,0,8,6,8,2,1,10,0,0,0,1,36,22.2%   16.7%   22.2%   5.6%   30.6%,0,2,2022,3
INF 370,User Interface Design,ENG,0,45,17,13,9,0,14,0,0,0,0,98,45.9%   17.3%   13.3%   9.2%   14.3%,0,2,2022,89
INF 371,Automation in Testing,ENG,0,1,6,4,3,0,0,0,0,0,0,14,7.1%   42.9%   28.6%   21.4%   0%,0,2,2022,509
INF 371,Automation in Testing,ENG,0,6,16,14,4,0,2,0,0,0,0,42,14.3%   38.1%   33.3%   9.5%   4.8%,0,2,2022,416
INF 376,Natural Language Processing,ENG,0,3,8,12,8,2,13,0,0,0,1,47,6.4%   17%   25.5%   17%   31.9%,0,2,2022,22
INF 378,AWS Cloud Computing,ENG,0,9,32,28,16,3,3,0,0,0,0,91,9.9%   35.2%   30.8%   17.6%   6.6%,0,2,2022,10
INF 379,Introduction to self-driving cars,ENG,0,40,9,2,0,0,0,0,0,0,0,51,78.4%   17.6%   3.9%   0%   0%,0,2,2022,84
INF 382,Business Process Modelling,ENG,0,16,62,16,2,3,4,0,0,0,0,103,15.5%   60.2%   15.5%   1.9%   6.8%,1,2,2022,313
INF 383,Business Analysis Foundations,ENG,0,1,11,7,5,2,0,0,0,0,0,26,3.8%   42.3%   26.9%   19.2%   7.7%,0,2,2022,416
INF 385,Big Data,ENG,0,8,6,9,16,7,20,0,0,0,1,67,11.9%   9%   13.4%   23.9%   40.3%,0,2,2022,415
INF 386,Software Testing Foundations,ENG,0,0,10,7,6,1,2,0,0,0,0,26,0%   38.5%   26.9%   23.1%   11.5%,0,2,2022,509
INF 392,Blockchain technology,ENG,0,6,19,32,22,0,2,0,0,0,0,81,7.4%   23.5%   39.5%   27.2%   2.5%,0,2,2022,510
INF 405,Personal Development in Computer Science,ENG,0,46,48,13,2,0,1,0,0,0,0,110,41.8%   43.6%   11.8%   1.8%   0.9%,1,2,2022,511
INF 405,Personal Development in Computer Science,ENG,0,72,22,4,1,1,13,0,0,0,0,113,63.7%   19.5%   3.5%   0.9%   12.4%,1,2,2022,27
INF 423,Statistics and Visualization for Data Analysis,ENG,0,6,7,5,3,0,16,0,0,0,0,37,16.2%   18.9%   13.5%   8.1%   43.2%,0,2,2022,415
INF 423,Statistics and Visualization for Data Analysis,ENG,1,32,7,9,4,2,4,0,0,0,0,58,55.2%   12.1%   15.5%   6.9%   10.3%,1,2,2022,30
INF 433,ICT in Agriculture,ENG,1,2,2,5,1,0,2,0,0,0,0,12,16.7%   16.7%   41.7%   8.3%   16.7%,0,2,2022,424
INF 484,Defense of Graduation Thesis (Computer Science),ENG,1,2,15,3,0,0,0,0,0,0,0,20,10%   75%   15%   0%   0%,0,2,2022,85
IRN 116,Module of Social and Political Knowledge (Political Science),LAW,1,12,11,11,10,12,14,0,0,0,7,77,15.6%   14.3%   14.3%   13%   33.8%,1,2,2022,92
IRN 128,Human Rights,LAW,1,67,6,0,0,0,2,0,0,0,0,75,89.3%   8%   0%   0%   2.7%,0,2,2022,93
IRN 198,Educational practice,LAW,0,28,10,6,8,0,18,0,0,0,1,71,39.4%   14.1%   8.5%   11.3%   25.4%,1,2,2022,512
IRN 201,Modern History of International Relations,LAW,1,15,9,20,19,9,5,0,0,0,1,78,19.2%   11.5%   25.6%   24.4%   17.9%,0,2,2022,95
IRN 203,International (Public) Law,LAW,1,13,3,4,8,7,14,0,0,0,0,49,26.5%   6.1%   8.2%   16.3%   42.9%,0,2,2022,98
IRN 208,International Organizations,LAW,1,12,15,23,15,6,2,0,0,0,1,74,16.2%   20.3%   31.1%   20.3%   10.8%,0,2,2022,425
IRN 216,International Conflicts and Peace,LAW,1,9,6,8,6,0,0,0,0,0,0,29,31%   20.7%   27.6%   20.7%   0%,0,2,2022,95
IRN 223,Geopolitics and Eurasian Integration,LAW,1,18,18,15,7,0,6,0,0,0,0,64,28.1%   28.1%   23.4%   10.9%   9.4%,1,2,2022,330
IRN 306,Diplomatic Protocol and Documentation,LAW,1,15,4,7,11,5,8,0,0,0,0,50,30%   8%   14%   22%   26%,0,2,2022,98
IRN 308,Foreign Language of Specialization - II (French European),LAW,0,8,2,4,5,7,2,0,0,0,0,28,28.6%   7.1%   14.3%   17.9%   32.1%,1,2,2022,282
IRN 311,Multilateral Diplomacy,LAW,1,4,5,8,8,4,7,0,0,0,1,37,10.8%   13.5%   21.6%   21.6%   29.7%,0,2,2022,427
IRN 316,Foreign Language of Specialization - II (Asia Chineese),LAW,0,10,5,3,0,0,1,0,0,0,0,19,52.6%   26.3%   15.8%   0%   5.3%,0,2,2022,100
IRN 345,Quantitative Research Methods,LAW,1,23,24,12,3,0,3,0,0,0,0,65,35.4%   36.9%   18.5%   4.6%   4.6%,1,2,2022,52
IRN 351,European Integration and European Union,LAW,1,15,21,12,0,0,1,0,0,0,0,49,30.6%   42.9%   24.5%   0%   2%,0,2,2022,513
IRN 370,Global Political Economy,LAW,1,9,8,6,18,6,7,0,0,0,0,54,16.7%   14.8%   11.1%   33.3%   24.1%,1,2,2022,92
IRN 409,Foreign Language of Specialization - III (Asia Chineese),LAW,0,2,1,0,0,0,0,0,0,0,0,3,66.7%   33.3%   0%   0%   0%,0,2,2022,100
IRN 410,French language,LAW,0,6,13,0,1,0,0,0,0,1,0,21,28.6%   61.9%   0%   4.8%   0%,1,2,2022,426
IRN 416,Chinese language,LAW,0,3,3,2,0,0,0,0,0,0,0,8,37.5%   37.5%   25%   0%   0%,0,2,2022,100
IRN 480,Pre-research internship,LAW,0,4,5,2,0,0,2,0,0,0,1,14,28.6%   35.7%   14.3%   0%   14.3%,1,2,2022,512
IRN 495,State examination in major,LAW,0,2,1,3,4,0,0,0,0,0,0,10,20%   10%   30%   40%   0%,1,2,2022,512
IRN 498,Pre-research/Field internship,LAW,0,1,1,0,0,0,1,0,0,0,0,3,33.3%   33.3%   0%   0%   33.3%,1,2,2022,512
JUR 109,Educational practice,LAW,1,29,10,2,3,0,1,0,0,0,0,45,64.4%   22.2%   4.4%   6.7%   2.2%,1,2,2022,428
JUR 117,Writing fundamentals,LAW,0,6,4,2,5,0,1,0,0,0,0,18,33.3%   22.2%   11.1%   27.8%   5.6%,1,2,2022,106
JUR 117,Writing fundamentals,LAW,1,24,2,0,0,0,2,0,0,0,0,28,85.7%   7.1%   0%   0%   7.1%,1,2,2022,428
JUR 202,Data collecting and Investigative reporting,LAW,0,3,6,16,4,2,7,0,0,0,1,39,7.7%   15.4%   41%   10.3%   23.1%,1,2,2022,103
JUR 224,Genre forms and functions of modern Journalism,LAW,0,18,23,3,1,0,4,0,0,0,0,49,36.7%   46.9%   6.1%   2%   8.2%,1,2,2022,104
JUR 233,Advanced media design,LAW,0,9,8,4,5,0,6,0,0,0,1,33,27.3%   24.2%   12.1%   15.2%   18.2%,1,2,2022,106
JUR 243,Educational practice,LAW,1,4,0,0,0,0,0,0,0,0,0,4,100%   0%   0%   0%   0%,1,2,2022,428
JUR 263,TV Journalism,LAW,0,4,25,9,9,1,1,0,0,0,0,49,8.2%   51%   18.4%   18.4%   4.1%,0,2,2022,105
JUR 265,TV Reporting,LAW,0,13,1,1,0,0,3,0,0,0,0,18,72.2%   5.6%   5.6%   0%   16.7%,1,2,2022,104
JUR 358,Art of writing,LAW,0,5,9,16,3,1,6,0,0,0,0,40,12.5%   22.5%   40%   7.5%   17.5%,1,2,2022,103
JUR 362,Audio Journalism,LAW,0,1,13,12,9,1,3,0,0,0,0,39,2.6%   33.3%   30.8%   23.1%   10.3%,0,2,2022,105
JUR 384,Stage language,LAW,0,31,0,0,0,0,3,0,0,0,0,34,91.2%   0%   0%   0%   8.8%,1,2,2022,514
JUR 401,Data journalism,LAW,0,3,0,12,14,2,4,0,0,0,0,35,8.6%   0%   34.3%   40%   17.1%,0,2,2022,107
JUR 403,Modern technologies in public relations,LAW,0,7,9,9,8,4,3,0,0,0,0,40,17.5%   22.5%   22.5%   20%   17.5%,0,2,2022,109
JUR 436,Writing and defense of Thesis,LAW,0,5,10,9,3,0,0,0,0,0,0,27,18.5%   37%   33.3%   11.1%   0%,0,2,2022,102
JUR 448,State Examination on Speciality,LAW,0,0,1,0,0,0,1,0,0,0,0,2,0%   50%   0%   0%   50%,1,2,2022,106
JUR 451,Pregraduation internship,LAW,0,0,0,0,0,0,1,0,0,0,0,1,0%   0%   0%   0%   100%,1,2,2022,106
JUR 477,Journalism thesis and diploma project writing,LAW,0,0,0,3,0,0,0,0,0,0,0,3,0%   0%   100%   0%   0%,1,2,2022,104
JUR 477,Journalism thesis and diploma project writing,LAW,0,0,2,0,0,0,0,0,0,0,0,2,0%   100%   0%   0%   0%,0,2,2022,107
JUR 477,Journalism thesis and diploma project writing,LAW,1,3,1,1,0,0,0,0,0,0,0,5,60%   20%   20%   0%   0%,1,2,2022,108
JUR 477,Journalism thesis and diploma project writing,LAW,0,0,5,0,0,0,0,0,0,0,0,5,0%   100%   0%   0%   0%,0,2,2022,102
JUR 477,Journalism thesis and diploma project writing,LAW,0,0,0,1,2,0,2,0,0,0,0,5,0%   0%   20%   40%   40%,0,2,2022,105
JUR 477,Journalism thesis and diploma project writing,LAW,0,0,1,2,0,2,0,0,0,0,0,5,0%   20%   40%   0%   40%,0,2,2022,109
JUR 477,Journalism thesis and diploma project writing,LAW,0,1,3,0,0,1,0,0,0,0,0,5,20%   60%   0%   0%   20%,1,2,2022,103
JUR 477,Journalism thesis and diploma project writing,LAW,1,1,1,1,0,0,2,0,0,0,0,5,20%   20%   20%   0%   40%,1,2,2022,428
JUR 501,Narrative Writing,LAW,0,1,7,2,0,0,0,0,0,0,0,10,10%   70%   20%   0%   0%,1,2,2022,103
JUR 518,Pedagogical practice,LAW,0,6,3,0,0,0,0,0,0,0,0,9,66.7%   33.3%   0%   0%   0%,0,2,2022,105
JUR 524,Research practice,LAW,0,14,0,0,0,0,1,0,0,0,0,15,93.3%   0%   0%   0%   6.7%,0,2,2022,105
JUR 628,Data and Databases,LAW,0,2,2,3,1,1,1,0,0,0,0,10,20%   20%   30%   10%   20%,0,2,2022,107
JUR 637,Media Sociology,LAW,1,1,6,1,2,0,0,0,0,0,0,10,10%   60%   10%   20%   0%,1,2,2022,108
KZL 116,Kazakh oral literature,PED,1,28,41,5,0,0,0,0,0,0,0,74,37.8%   55.4%   6.8%   0%   0%,0,2,2022,117
KZL 122,Pedagogy,PED,1,35,41,4,0,0,0,0,0,0,0,80,43.8%   51.3%   5%   0%   0%,1,2,2022,119
KZL 124,Educational practice (Pedagogy ),PED,1,35,31,12,0,0,0,0,0,0,0,78,44.9%   39.7%   15.4%   0%   0%,1,2,2022,119
KZL 233,Developmental physiology and inclusive education,PED,0,5,17,6,0,0,0,0,0,0,0,28,17.9%   60.7%   21.4%   0%   0%,1,2,2022,113
KZL 238,Linguo-motivology of the Kazakh language,PED,1,4,13,10,3,0,1,0,0,0,0,31,12.9%   41.9%   32.3%   9.7%   3.2%,1,2,2022,114
KZL 240,The morphology of the modern Kazakh language,PED,1,3,13,14,4,0,0,0,0,0,0,34,8.8%   38.2%   41.2%   11.8%   0%,1,2,2022,115
KZL 328,Syntax of Modern Kazakh Language,PED,1,0,7,2,1,0,0,0,0,0,0,10,0%   70%   20%   10%   0%,1,2,2022,115
KZL 330,The history of the Kazakh literary language and the formation of functional styles,PED,0,8,1,1,0,0,0,0,0,0,0,10,80%   10%   10%   0%   0%,1,2,2022,429
KZL 332,History of the XX century Kazakh literature,PED,1,3,7,1,1,0,0,0,0,0,0,12,25%   58.3%   8.3%   8.3%   0%,1,2,2022,116
KZL 334,Theory of Literature,PED,1,2,6,2,0,0,0,0,0,0,0,10,20%   60%   20%   0%   0%,0,2,2022,117
KZL 338,Pedagogical Practice,PED,1,8,4,1,0,0,0,0,0,0,0,13,61.5%   30.8%   7.7%   0%   0%,1,2,2022,112
KZL 343,Kazakh literature of the XIX century,PED,1,2,4,0,0,0,0,0,0,0,0,6,33.3%   66.7%   0%   0%   0%,1,2,2022,116
KZL 414,Prediploma practice,PED,1,0,0,0,1,0,0,0,0,0,0,1,0%   0%   0%   100%   0%,1,2,2022,112
KZL 416,Pedagogical Practice,PED,1,2,0,0,0,0,0,0,0,0,0,2,100%   0%   0%   0%   0%,1,2,2022,112
KZL 422,Fundamentals of Research and Academic Subscription,PED,1,5,17,3,0,0,2,0,0,0,0,27,18.5%   63%   11.1%   0%   7.4%,1,2,2022,304
KZL 424,Final Pedagogical Practice,PED,1,24,2,1,1,0,0,0,0,0,0,28,85.7%   7.1%   3.6%   3.6%   0%,1,2,2022,112
KZL 530,Academic writing and editing,PED,1,1,6,2,0,0,0,0,0,0,0,9,11.1%   66.7%   22.2%   0%   0%,1,2,2022,115
KZL 546,Organization of Scientific work and methodology of methodical research,PED,1,7,4,0,0,0,0,0,0,0,0,11,63.6%   36.4%   0%   0%   0%,1,2,2022,119
KZL 552,Tertiary Teaching,PED,0,10,1,0,0,0,0,0,0,0,0,11,90.9%   9.1%   0%   0%   0%,1,2,2022,239
KZL 554,Teaching Practice,PED,0,10,2,0,0,0,0,0,0,0,0,12,83.3%   16.7%   0%   0%   0%,1,2,2022,122
KZL 561,Literary comparative studies,PED,0,7,3,1,0,0,0,0,0,0,0,11,63.6%   27.3%   9.1%   0%   0%,1,2,2022,122
KZL 568,New directions of linguistics,PED,1,7,2,2,0,0,0,0,0,0,0,11,63.6%   18.2%   18.2%   0%   0%,1,2,2022,120
KZL 618,Research scientific training,PED,0,0,3,1,0,0,0,0,0,0,0,4,0%   75%   25%   0%   0%,1,2,2022,122
KZL 618,Research scientific training,PED,1,3,1,0,0,0,0,0,0,0,0,4,75%   25%   0%   0%   0%,1,2,2022,116
KZL 618,Research scientific training,PED,1,1,0,1,0,0,0,0,0,0,0,2,50%   0%   50%   0%   0%,1,2,2022,118
KZL 618,Research scientific training,PED,1,0,2,0,0,0,1,0,0,0,0,3,0%   66.7%   0%   0%   33.3%,1,2,2022,120
KZL 618,Research scientific training,PED,1,3,1,0,0,0,0,0,0,0,0,4,75%   25%   0%   0%   0%,1,2,2022,115
KZL 618,Research scientific training,PED,1,2,2,0,0,0,0,0,0,0,0,4,50%   50%   0%   0%   0%,1,2,2022,119
KZL 618,Research scientific training,PED,1,0,2,0,0,0,0,0,0,0,0,2,0%   100%   0%   0%   0%,0,2,2022,117
KZL 620,Preparation and defence of Master's Thesis,PED,0,10,11,0,0,0,0,0,0,0,0,21,47.6%   52.4%   0%   0%   0%,1,2,2022,122
KZL 730,Methods of teaching Kazakh literature in higher education,PED,1,1,0,0,0,0,0,0,0,0,0,1,100%   0%   0%   0%   0%,1,2,2022,118
KZL 742,Academic writing,PED,1,1,0,0,0,0,0,0,0,0,0,1,100%   0%   0%   0%   0%,1,2,2022,115
KZL 744,Teaching practice,PED,0,1,0,0,0,0,0,0,0,0,0,1,100%   0%   0%   0%   0%,1,2,2022,122
KZP 406,Pre-graduation practicum,PED,1,20,0,3,2,0,1,0,0,0,0,26,76.9%   0%   11.5%   7.7%   3.8%,1,2,2022,112
KZP 442,Complex examination,PED,1,1,3,0,0,0,0,0,0,0,0,4,25%   75%   0%   0%   0%,1,2,2022,111
LAW 126,Research Methods and Accessing Legal Information Resources,LAW,1,3,6,0,3,1,3,0,0,0,0,16,18.8%   37.5%   0%   18.8%   25%,1,2,2022,124
LAW 126,Research Methods and Accessing Legal Information Resources,LAW,1,11,5,11,6,0,4,0,0,0,1,38,28.9%   13.2%   28.9%   15.8%   10.5%,0,2,2022,353
LAW 129,Constitutional law of Kazakhstan,LAW,0,12,7,3,1,0,2,0,0,0,0,25,48%   28%   12%   4%   8%,1,2,2022,125
LAW 129,Constitutional law of Kazakhstan,LAW,0,14,7,7,5,0,7,0,0,0,0,40,35%   17.5%   17.5%   12.5%   17.5%,0,2,2022,126
LAW 130,Introduction to English law,LAW,0,1,4,0,3,2,0,0,0,0,0,10,10%   40%   0%   30%   20%,0,2,2022,127
LAW 139,Methods of scientific research,LAW,1,4,3,2,0,0,1,0,0,0,0,10,40%   30%   20%   0%   10%,1,2,2022,124
LAW 206,Criminal Law of RK (special part)-2,LAW,1,17,25,22,12,3,7,0,0,0,1,87,19.5%   28.7%   25.3%   13.8%   11.5%,0,2,2022,128
LAW 213,Educational Practice,LAW,0,34,10,11,1,0,6,0,0,0,0,62,54.8%   16.1%   17.7%   1.6%   9.7%,1,2,2022,125
LAW 263,Law of international organizations,LAW,1,5,1,3,8,4,3,0,0,0,0,24,20.8%   4.2%   12.5%   33.3%   29.2%,0,2,2022,98
LAW 272,Law of Obligation 2,LAW,1,6,6,9,6,2,3,0,0,0,0,32,18.8%   18.8%   28.1%   18.8%   15.6%,1,2,2022,124
LAW 272,Law of Obligation 2,LAW,1,3,7,8,6,5,7,0,0,0,0,36,8.3%   19.4%   22.2%   16.7%   33.3%,1,2,2022,431
LAW 273,Land and property law,LAW,1,0,4,7,3,15,10,0,0,0,0,39,0%   10.3%   17.9%   7.7%   64.1%,1,2,2022,130
LAW 273,Land and property law,LAW,1,1,14,7,0,0,16,0,0,0,0,38,2.6%   36.8%   18.4%   0%   42.1%,0,2,2022,131
LAW 308,Law enforcement agencies and public Prosecutor's supervision,LAW,1,19,13,21,17,1,5,0,0,0,0,76,25%   17.1%   27.6%   22.4%   7.9%,1,2,2022,311
LAW 347,International private law,LAW,1,10,11,24,36,12,17,0,0,0,0,110,9.1%   10%   21.8%   32.7%   26.4%,1,2,2022,431
LAW 357,Land law of the RK,LAW,1,0,1,0,0,0,0,0,0,0,0,1,0%   100%   0%   0%   0%,0,2,2022,131
LAW 359,Family Law,LAW,1,10,6,6,7,1,8,0,0,0,0,38,26.3%   15.8%   15.8%   18.4%   23.7%,0,2,2022,353
LAW 359,Family Law,LAW,1,0,9,4,3,1,2,0,0,0,1,20,0%   45%   20%   15%   15%,0,2,2022,133
LAW 361,Еntrepreneurial and corporate law,LAW,0,10,21,26,27,2,10,0,0,0,1,97,10.3%   21.6%   26.8%   27.8%   12.4%,0,2,2022,467
LAW 375,Tax law and tax disputes,LAW,0,49,25,17,1,1,3,0,0,0,0,96,51%   26%   17.7%   1%   4.2%,0,2,2022,134
LAW 388,Civil procedural law of RK 2,LAW,1,6,12,13,24,4,9,0,0,0,0,68,8.8%   17.6%   19.1%   35.3%   19.1%,1,2,2022,135
LAW 388,Civil procedural law of RK 2,LAW,1,2,10,8,9,2,2,0,0,0,1,34,5.9%   29.4%   23.5%   26.5%   11.8%,0,2,2022,133
LAW 422,Criminalistics,LAW,0,16,16,14,29,2,6,0,0,0,0,83,19.3%   19.3%   16.9%   34.9%   9.6%,0,2,2022,433
LAW 436,Intellectual Property Law,LAW,0,9,19,24,15,8,10,0,0,0,0,85,10.6%   22.4%   28.2%   17.6%   21.2%,0,2,2022,138
LAW 436,Intellectual Property Law,LAW,0,8,9,0,2,0,1,0,0,0,0,20,40%   45%   0%   10%   5%,1,2,2022,125
LAW 456,Pre-diploma practice,LAW,0,2,6,1,0,0,1,0,0,0,0,10,20%   60%   10%   0%   10%,1,2,2022,125
LAW 480,International criminal procedure,LAW,1,3,9,2,0,0,4,0,0,0,0,18,16.7%   50%   11.1%   0%   22.2%,1,2,2022,515
LAW 490,Pre-diploma practice,LAW,0,22,6,1,1,0,0,0,0,0,0,30,73.3%   20%   3.3%   3.3%   0%,1,2,2022,125
LAW 494,State examination,LAW,0,0,0,9,8,0,1,0,0,0,0,18,0%   0%   50%   44.4%   5.6%,0,2,2022,516
LAW 495,Writing and defense of thesis,LAW,0,10,2,2,2,0,0,0,0,0,0,16,62.5%   12.5%   12.5%   12.5%   0%,0,2,2022,516
LAW 529,Pedagogical practice,LAW,0,3,1,0,0,0,2,0,0,0,0,6,50%   16.7%   0%   0%   33.3%,0,2,2022,127
LAW 540,Research practice,LAW,1,10,0,0,0,0,0,0,0,0,0,10,100%   0%   0%   0%   0%,0,2,2022,131
LAW 551,Corporate law in the sphere of IT,LAW,1,2,4,0,0,0,0,0,0,0,0,6,33.3%   66.7%   0%   0%   0%,0,2,2022,353
LAW 620,"Scientific research work of the doctoral student, including internship and doctoral dissertation",LAW,1,0,0,0,0,0,0,4,1,0,0,5,0%   0%   0%   0%   0%,1,2,2022,135
LAW 647,Personal data in civil circulation,LAW,1,7,0,0,0,0,0,0,0,0,0,7,100%   0%   0%   0%   0%,1,2,2022,129
LAW 680,Cybersecurity,LAW,0,1,5,0,0,0,0,0,0,0,0,6,16.7%   83.3%   0%   0%   0%,0,2,2022,143
LAW 706,Research seminar,LAW,1,0,0,1,0,0,0,0,0,0,0,1,0%   0%   100%   0%   0%,0,2,2022,133
LAW 709,Problems of improving the current law: modern concepts,LAW,1,2,0,0,0,0,0,0,0,0,0,2,100%   0%   0%   0%   0%,0,2,2022,131
MAN 209,Management,BS,0,22,7,5,1,0,7,0,0,0,0,42,52.4%   16.7%   11.9%   2.4%   16.7%,0,2,2022,438
MAN 209,Management,BS,0,56,79,22,7,0,22,0,0,0,0,186,30.1%   42.5%   11.8%   3.8%   11.8%,0,2,2022,144
MAN 303,Research Methods,BS,0,26,43,23,17,0,16,0,0,0,0,125,20.8%   34.4%   18.4%   13.6%   12.8%,1,2,2022,47
MAN 303,Research Methods,BS,0,48,43,6,0,0,4,0,0,0,0,101,47.5%   42.6%   5.9%   0%   4%,1,2,2022,145
MAN 307,Public Relations,BS,0,30,7,0,1,0,2,0,0,0,0,40,75%   17.5%   0%   2.5%   5%,1,2,2022,152
MAN 312,Leadership,PED,0,34,22,11,0,1,1,0,0,0,0,69,49.3%   31.9%   15.9%   0%   2.9%,0,2,2022,438
MAN 313,Innovation & Creativity Management,BS,1,23,14,1,2,0,2,0,0,0,0,42,54.8%   33.3%   2.4%   4.8%   4.8%,0,2,2022,437
MAN 316,Project Management,BS,0,13,13,3,0,0,2,0,0,0,0,31,41.9%   41.9%   9.7%   0%   6.5%,0,2,2022,438
MAN 316,Project Management,BS,0,3,15,4,2,0,2,0,0,0,0,26,11.5%   57.7%   15.4%   7.7%   7.7%,1,2,2022,148
MAN 322,Entrepreneurship,BS,0,19,24,25,3,0,6,0,0,0,1,78,24.4%   30.8%   32.1%   3.8%   7.7%,1,2,2022,48
MAN 325,Human Resource Management,BS,1,5,2,0,0,1,0,0,0,0,0,8,62.5%   25%   0%   0%   12.5%,0,2,2022,46
MAN 334,Quality Management,BS,1,26,18,4,2,0,4,0,0,0,0,54,48.1%   33.3%   7.4%   3.7%   7.4%,1,2,2022,146
MAN 413,Data Analysis in Business and Economics,BS,1,1,0,2,0,0,2,0,0,0,0,5,20%   0%   40%   0%   40%,0,2,2022,66
MAN 503,Strategic Management,BS,0,4,1,1,0,0,0,0,0,0,0,6,66.7%   16.7%   16.7%   0%   0%,1,2,2022,148
MAN 503,Strategic Management,BS,1,1,2,1,3,0,2,0,0,0,0,9,11.1%   22.2%   11.1%   33.3%   22.2%,0,2,2022,149
MAN 507,Human resources policy and practice in health care,BS,0,1,3,0,0,0,0,0,0,0,0,4,25%   75%   0%   0%   0%,1,2,2022,400
MAN 512,Quality management in healthcare,BS,0,2,2,0,0,0,0,0,0,0,0,4,50%   50%   0%   0%   0%,1,2,2022,517
MAN 513,Apprenticeship abroad,BS,1,0,0,0,0,0,0,18,0,0,0,18,0%   0%   0%   0%   0%,1,2,2022,146
MAN 514,Leadership and teamwork/communication,BS,1,8,0,0,0,0,0,0,0,0,0,8,100%   0%   0%   0%   0%,1,2,2022,146
MAN 517,Basics of public health,BS,1,4,3,0,1,0,0,0,0,0,0,8,50%   37.5%   0%   12.5%   0%,0,2,2022,149
MAN 519,Ethics and law in health care,BS,0,3,1,0,0,0,0,0,0,0,0,4,75%   25%   0%   0%   0%,1,2,2022,148
MAN 524,Human resources policy and practice in health care,BS,0,3,2,0,0,0,0,0,0,0,0,5,60%   40%   0%   0%   0%,1,2,2022,148
MAN 525,Human Capital Management,BS,0,6,0,1,1,0,0,0,0,0,0,8,75%   0%   12.5%   12.5%   0%,1,2,2022,476
MAN 527,Quality management in healthcare,BS,1,9,1,0,0,0,0,0,0,0,0,10,90%   10%   0%   0%   0%,1,2,2022,146
MAN 528,Ethics and law in health care,BS,0,7,3,0,0,0,0,0,0,0,0,10,70%   30%   0%   0%   0%,1,2,2022,517
MAN 818,Qualitative Methods in Management,BS,1,2,0,0,0,0,0,0,0,0,0,2,100%   0%   0%   0%   0%,0,2,2022,437
MAN 820,Conceptual Design in Management,BS,1,1,1,0,0,1,1,0,0,0,0,4,25%   25%   0%   0%   50%,0,2,2022,151
MAN 889,Research practice,BS,1,1,0,0,0,0,0,0,0,0,0,1,100%   0%   0%   0%   0%,1,2,2022,146
MAN 899,Pedagogical practice in Higher Education,BS,1,1,0,0,0,0,0,0,0,0,0,1,100%   0%   0%   0%   0%,1,2,2022,146
MAR 218,Consumer Behaviour,BS,1,0,5,0,0,0,0,0,0,0,0,5,0%   100%   0%   0%   0%,0,2,2022,363
MAR 302,Personal Selling,BS,0,34,7,0,0,0,3,0,0,0,0,44,77.3%   15.9%   0%   0%   6.8%,1,2,2022,152
MAR 308,Content Marketing,BS,0,29,7,4,3,0,2,0,0,0,0,45,64.4%   15.6%   8.9%   6.7%   4.4%,0,2,2022,441
MAR 501,Health market analysis,BS,0,3,7,0,0,0,0,0,0,0,0,10,30%   70%   0%   0%   0%,0,2,2022,518
MAT 113,Physics,ENG,1,4,11,4,0,0,1,0,0,0,0,20,20%   55%   20%   0%   5%,0,2,2022,167
MAT 116,Mathematical analysis 2,ENG,1,2,5,12,37,12,32,0,0,0,0,100,2%   5%   12%   37%   44%,0,2,2022,411
MAT 116,Mathematical analysis 2,ENG,1,8,20,24,32,24,15,0,0,0,0,123,6.5%   16.3%   19.5%   26%   31.7%,0,2,2022,166
MAT 121,Analytic Geometry,ENG,1,37,71,80,55,10,26,0,0,0,0,279,13.3%   25.4%   28.7%   19.7%   12.9%,1,2,2022,157
MAT 122,Algorithms and programming 1,ENG,0,9,28,37,37,20,23,0,0,0,4,158,5.7%   17.7%   23.4%   23.4%   27.2%,1,2,2022,71
MAT 122,Algorithms and programming 1,ENG,0,3,6,16,18,3,13,0,0,0,0,59,5.1%   10.2%   27.1%   30.5%   27.1%,0,2,2022,519
MAT 123,Linear Algebra,ENG,0,0,1,7,8,0,5,0,0,0,0,21,0%   4.8%   33.3%   38.1%   23.8%,0,2,2022,347
MAT 125,Discrete mathematics,ENG,0,2,5,15,6,1,1,0,0,0,0,30,6.7%   16.7%   50%   20%   6.7%,1,2,2022,164
MAT 136,Mathematical analysis 1,ENG,1,0,0,1,4,0,7,0,0,0,0,12,0%   0%   8.3%   33.3%   58.3%,0,2,2022,160
MAT 151,Linear Algebra,ENG,0,5,59,72,38,17,19,0,0,0,2,212,2.4%   27.8%   34%   17.9%   17%,1,2,2022,165
MAT 151,Linear Algebra,ENG,0,14,40,39,33,19,21,0,0,0,0,166,8.4%   24.1%   23.5%   19.9%   24.1%,0,2,2022,519
MAT 153,Mathematics for Computer Science 1,ENG,0,2,3,5,2,1,5,0,0,0,0,18,11.1%   16.7%   27.8%   11.1%   33.3%,0,2,2022,347
MAT 154,Mathematics for Computer Science 2,ENG,1,5,24,29,20,9,26,0,0,0,3,116,4.3%   20.7%   25%   17.2%   30.2%,0,2,2022,445
MAT 154,Mathematics for Computer Science 2,ENG,1,8,8,14,10,2,9,0,0,0,1,52,15.4%   15.4%   26.9%   19.2%   21.2%,1,2,2022,172
MAT 156,Discrete Mathematics,ENG,1,11,18,50,22,19,29,0,0,0,3,152,7.2%   11.8%   32.9%   14.5%   31.6%,0,2,2022,334
MAT 156,Discrete Mathematics,BS,1,11,18,50,22,19,29,0,0,0,3,152,7.2%   11.8%   32.9%   14.5%   31.6%,0,2,2022,334
MAT 156,Discrete Mathematics,ENG,0,4,15,19,14,7,11,0,0,0,0,70,5.7%   21.4%   27.1%   20%   25.7%,1,2,2022,164
MAT 203,Mathematical analysis 3,ENG,1,0,0,4,9,0,3,0,0,0,0,16,0%   0%   25%   56.3%   18.8%,0,2,2022,160
MAT 204,Mathematical analysis 4,ENG,1,2,5,29,21,12,2,0,0,0,0,71,2.8%   7%   40.8%   29.6%   19.7%,0,2,2022,446
MAT 211,Abstact Algebra,ENG,1,0,1,9,31,26,24,0,0,0,3,94,0%   1.1%   9.6%   33%   53.2%,0,2,2022,154
MAT 221,Classical mechanics,ENG,1,4,19,19,27,3,5,0,0,0,0,77,5.2%   24.7%   24.7%   35.1%   10.4%,0,2,2022,167
MAT 222,Additional chapters of mathematical analysis,ENG,1,2,1,15,4,0,0,0,0,0,0,22,9.1%   4.5%   68.2%   18.2%   0%,0,2,2022,160
MAT 251,Probability and Mathematical Statictics,ENG,0,1,2,6,9,5,26,0,0,0,3,52,1.9%   3.8%   11.5%   17.3%   59.6%,1,2,2022,443
MAT 251,Probability and Mathematical Statictics,ENG,1,19,32,21,22,8,26,0,0,0,4,132,14.4%   24.2%   15.9%   16.7%   25.8%,1,2,2022,172
MAT 253,Mathematics for Computer Science 3,ENG,0,0,1,2,5,0,0,0,0,0,0,8,0%   12.5%   25%   62.5%   0%,0,2,2022,410
MAT 304,Equations of mathematical physics,ENG,1,8,46,18,3,2,7,0,0,0,0,84,9.5%   54.8%   21.4%   3.6%   10.7%,1,2,2022,444
MAT 307,Complex analysis,ENG,1,20,11,14,20,2,4,0,0,0,0,71,28.2%   15.5%   19.7%   28.2%   8.5%,0,2,2022,170
MAT 326,Logic and Model theory,ENG,1,2,9,19,3,0,15,0,0,0,1,49,4.1%   18.4%   38.8%   6.1%   30.6%,0,2,2022,173
MAT 364,Cryptography,ENG,0,1,4,19,23,20,6,0,0,0,1,74,1.4%   5.4%   25.7%   31.1%   35.1%,1,2,2022,165
MAT 371,Functional analysis,ENG,1,2,3,8,20,18,14,0,0,0,1,66,3%   4.5%   12.1%   30.3%   48.5%,0,2,2022,391
MAT 409,Pregraduational practice,ENG,0,26,5,0,1,0,2,0,0,0,0,34,76.5%   14.7%   0%   2.9%   5.9%,1,2,2022,520
MAT 426,Number theory,ENG,1,4,7,10,14,14,11,0,0,0,0,60,6.7%   11.7%   16.7%   23.3%   41.7%,0,2,2022,334
MAT 427,Enumerative Combinatorics,ENG,1,0,1,8,6,6,9,0,0,0,1,31,0%   3.2%   25.8%   19.4%   48.4%,0,2,2022,175
MAT 433,Theory of interest rates and random processes in life insurance,ENG,0,4,9,11,11,0,5,0,0,0,0,40,10%   22.5%   27.5%   27.5%   12.5%,0,2,2022,176
MAT 439,State exams,ENG,1,0,0,3,2,0,3,0,0,0,0,8,0%   0%   37.5%   25%   37.5%,1,2,2022,4
MAT 442,Mathematical Statistics & Theory of Probability 2,ENG,1,0,0,0,0,0,1,0,0,0,0,1,0%   0%   0%   0%   100%,1,2,2022,172
MAT 460,Theory of interest rates and random processes in life insurance,ENG,0,9,10,7,2,0,2,0,0,0,0,30,30%   33.3%   23.3%   6.7%   6.7%,0,2,2022,176
MAT 504,Noncommutative hypoelliptic analysis,ENG,1,1,2,2,0,0,5,0,0,0,0,10,10%   20%   20%   0%   50%,0,2,2022,174
MAT 513,Applied mathematical programming,ENG,1,1,4,7,6,1,7,0,0,0,2,28,3.6%   14.3%   25%   21.4%   28.6%,0,2,2022,177
MAT 518,Measure theory and real analysis,ENG,1,2,5,5,1,0,4,0,0,0,0,17,11.8%   29.4%   29.4%   5.9%   23.5%,0,2,2022,166
MAT 695,Pedagogical Practice,ENG,1,10,0,0,0,0,3,0,0,0,0,13,76.9%   0%   0%   0%   23.1%,1,2,2022,4
MAT 697,Research Practice,ENG,1,7,2,0,0,0,1,0,0,0,0,10,70%   20%   0%   0%   10%,1,2,2022,4
MAT 698,Registration and defense of master’s degree dissertation,ENG,0,4,2,0,0,0,1,0,0,0,0,7,57.1%   28.6%   0%   0%   14.3%,1,2,2022,443
MAT 704,Academic writing,ENG,1,7,3,0,0,0,4,0,0,0,0,14,50%   21.4%   0%   0%   28.6%,0,2,2022,174
MAT 704,Academic writing,ENG,1,3,0,0,0,0,0,0,0,0,0,3,100%   0%   0%   0%   0%,0,2,2022,447
MAT 750,Pedagogical practice in Higher Education,ENG,0,3,0,0,0,0,0,0,0,0,0,3,100%   0%   0%   0%   0%,1,2,2022,169
MAT 890,Scientific & Research Practice,ENG,1,1,1,0,0,0,1,0,0,0,0,3,33.3%   33.3%   0%   0%   33.3%,1,2,2022,4
MCM 102,Calculus 2,ENG,1,1,5,11,13,2,4,0,0,0,0,36,2.8%   13.9%   30.6%   36.1%   16.7%,1,2,2022,159
MCM 104,Algorithms and programming 1,ENG,0,6,13,7,4,0,1,0,0,0,0,31,19.4%   41.9%   22.6%   12.9%   3.2%,1,2,2022,71
MCM 201,Mathematical and Complex analysis,ENG,1,8,4,9,3,0,1,0,0,0,0,25,32%   16%   36%   12%   4%,0,2,2022,170
MDE 103,Foreign Language 1 (English for Academic Purposes - B1 level ),MDE,0,2,5,11,0,0,3,0,0,0,0,21,9.5%   23.8%   52.4%   0%   14.3%,1,2,2022,473
MDE 106,Foreign Language 2 (English for Academic Purposes - B2+ level),MDE,0,6,7,8,1,0,0,0,0,0,0,22,27.3%   31.8%   36.4%   4.5%   0%,1,2,2022,181
MDE 108,Foreign Language 2 (General English - A1+ level),MDE,0,5,12,7,0,0,0,0,0,0,0,24,20.8%   50%   29.2%   0%   0%,1,2,2022,474
MDE 108,Foreign Language 2 (General English - A1+ level),MDE,0,28,36,34,20,8,4,0,0,0,0,130,21.5%   27.7%   26.2%   15.4%   9.2%,1,2,2022,448
MDE 110,Foreign Language 2 (General English - A2+ level),MDE,0,1,7,2,2,0,0,0,0,0,0,12,8.3%   58.3%   16.7%   16.7%   0%,1,2,2022,183
MDE 112,Kazakh Language 2 (А2 level/for foreigners),MDE,0,5,1,0,0,0,1,0,0,0,0,7,71.4%   14.3%   0%   0%   14.3%,1,2,2022,186
MDE 116,Kazakh Language 2 (B2 level),MDE,0,61,38,12,5,0,4,0,0,0,0,120,50.8%   31.7%   10%   4.2%   3.3%,1,2,2022,186
MDE 116,Kazakh Language 2 (B2 level),MDE,0,79,40,18,5,0,7,0,0,0,0,149,53%   26.8%   12.1%   3.4%   4.7%,1,2,2022,452
MDE 116,Kazakh Language 2 (B2 level),MDE,0,4,10,3,0,0,1,0,0,0,0,18,22.2%   55.6%   16.7%   0%   5.6%,1,2,2022,453
MDE 116,Kazakh Language 2 (B2 level),MDE,0,12,10,2,1,0,0,0,0,0,0,25,48%   40%   8%   4%   0%,1,2,2022,187
MDE 116,Kazakh Language 2 (B2 level),MDE,0,7,23,20,10,5,4,0,0,0,1,70,10%   32.9%   28.6%   14.3%   12.9%,1,2,2022,188
MDE 116,Kazakh Language 2 (B2 level),MDE,0,17,30,5,1,1,7,0,0,0,0,61,27.9%   49.2%   8.2%   1.6%   13.1%,1,2,2022,189
MDE 116,Kazakh Language 2 (B2 level),MDE,0,27,21,2,0,0,0,0,0,0,0,50,54%   42%   4%   0%   0%,1,2,2022,190
MDE 116,Kazakh Language 2 (B2 level),MDE,1,22,15,1,2,0,2,0,0,0,1,43,51.2%   34.9%   2.3%   4.7%   4.7%,1,2,2022,191
MDE 116,Kazakh Language 2 (B2 level),MDE,0,34,41,19,2,0,2,0,0,0,2,100,34%   41%   19%   2%   2%,0,2,2022,192
MDE 116,Kazakh Language 2 (B2 level),MDE,0,24,29,13,4,0,5,0,0,0,1,76,31.6%   38.2%   17.1%   5.3%   6.6%,0,2,2022,193
MDE 116,Kazakh Language 2 (B2 level),MDE,0,18,35,6,3,1,4,0,0,0,0,67,26.9%   52.2%   9%   4.5%   7.5%,1,2,2022,454
MDE 118,Kazakh Language 2 (C1 level),MDE,0,6,11,2,1,1,0,0,0,0,0,21,28.6%   52.4%   9.5%   4.8%   4.8%,1,2,2022,188
MDE 118,Kazakh Language 2 (C1 level),MDE,0,14,10,2,0,0,1,0,0,0,0,27,51.9%   37%   7.4%   0%   3.7%,1,2,2022,189
MDE 118,Kazakh Language 2 (C1 level),MDE,0,13,10,4,1,0,0,0,0,0,1,29,44.8%   34.5%   13.8%   3.4%   0%,1,2,2022,190
MDE 118,Kazakh Language 2 (C1 level),MDE,1,20,6,4,0,0,0,0,0,0,0,30,66.7%   20%   13.3%   0%   0%,1,2,2022,191
MDE 118,Kazakh Language 2 (C1 level),MDE,0,14,14,7,3,0,2,0,0,0,0,40,35%   35%   17.5%   7.5%   5%,0,2,2022,193
MDE 118,Kazakh Language 2 (C1 level),MDE,0,18,15,5,0,0,5,0,0,1,0,44,40.9%   34.1%   11.4%   0%   11.4%,1,2,2022,454
MDE 122,Russian Language 2 (А2 level/ for foreigners),MDE,0,6,8,1,0,0,0,0,0,0,1,16,37.5%   50%   6.3%   0%   0%,1,2,2022,194
MDE 126,Russian Language 2 (B2 level),MDE,0,14,22,16,2,0,4,0,0,0,4,62,22.6%   35.5%   25.8%   3.2%   6.5%,1,2,2022,194
MDE 126,Russian Language 2 (B2 level),MDE,1,41,65,5,3,0,3,0,0,0,6,123,33.3%   52.8%   4.1%   2.4%   2.4%,1,2,2022,195
MDE 126,Russian Language 2 (B2 level),MDE,0,40,34,12,0,1,3,0,0,0,1,91,44%   37.4%   13.2%   0%   4.4%,1,2,2022,196
MDE 126,Russian Language 2 (B2 level),MDE,1,15,83,4,0,0,9,0,0,0,0,111,13.5%   74.8%   3.6%   0%   8.1%,1,2,2022,455
MDE 126,Russian Language 2 (B2 level),MDE,0,49,39,7,0,0,2,0,0,0,3,100,49%   39%   7%   0%   2%,1,2,2022,456
MDE 126,Russian Language 2 (B2 level),MDE,1,37,40,7,2,0,6,0,0,0,0,92,40.2%   43.5%   7.6%   2.2%   6.5%,1,2,2022,457
MDE 126,Russian Language 2 (B2 level),MDE,1,7,13,1,0,0,1,0,0,0,2,24,29.2%   54.2%   4.2%   0%   4.2%,1,2,2022,198
MDE 128,Russian Language 2 (C1 level),MDE,1,10,15,1,0,0,1,0,0,0,1,28,35.7%   53.6%   3.6%   0%   3.6%,1,2,2022,195
MDE 128,Russian Language 2 (C1 level),MDE,0,15,16,5,1,0,2,0,0,0,0,39,38.5%   41%   12.8%   2.6%   5.1%,1,2,2022,196
MDE 128,Russian Language 2 (C1 level),MDE,1,1,5,0,0,0,0,0,0,0,0,6,16.7%   83.3%   0%   0%   0%,1,2,2022,455
MDE 128,Russian Language 2 (C1 level),MDE,0,11,15,3,0,0,1,0,0,0,0,30,36.7%   50%   10%   0%   3.3%,1,2,2022,456
MDE 128,Russian Language 2 (C1 level),MDE,1,14,11,5,0,0,0,0,0,0,0,30,46.7%   36.7%   16.7%   0%   0%,1,2,2022,198
MDE 131,Turkish Language 1 (А1 level),MDE,0,8,11,1,0,0,0,0,0,0,0,20,40%   55%   5%   0%   0%,1,2,2022,521
MDE 131,Turkish Language 1 (А1 level),MDE ,1,4,11,4,2,2,2,0,0,0,0,25,16%   44%   16%   8%   16%,0,2,2022,203
MDE 132,Turkish Language 2 (А1 level),MDE,0,34,23,15,5,0,1,0,0,0,0,78,43.6%   29.5%   19.2%   6.4%   1.3%,0,2,2022,200
MDE 132,Turkish Language 2 (А1 level),MDE,1,38,46,15,3,0,2,0,0,0,0,104,36.5%   44.2%   14.4%   2.9%   1.9%,0,2,2022,201
MDE 132,Turkish Language 2 (А1 level),MDE,0,90,57,48,17,6,13,0,0,0,2,233,38.6%   24.5%   20.6%   7.3%   8.2%,1,2,2022,458
MDE 132,Turkish Language 2 (А1 level),MDE,0,6,9,4,3,0,4,0,0,0,0,26,23.1%   34.6%   15.4%   11.5%   15.4%,1,2,2022,521
MDE 132,Turkish Language 2 (А1 level),MDE,0,128,34,13,5,0,1,0,0,0,0,181,70.7%   18.8%   7.2%   2.8%   0.6%,0,2,2022,209
MDE 132,Turkish Language 2 (А1 level),MDE,0,63,76,29,3,1,11,0,0,0,0,183,34.4%   41.5%   15.8%   1.6%   6.6%,1,2,2022,459
MDE 132,Turkish Language 2 (А1 level),MDE,1,96,63,36,5,0,6,0,0,0,1,207,46.4%   30.4%   17.4%   2.4%   2.9%,1,2,2022,205
MDE 132,Turkish Language 2 (А1 level),MDE,0,10,34,31,15,3,9,0,0,0,1,103,9.7%   33%   30.1%   14.6%   11.7%,1,2,2022,206
MDE 132,Turkish Language 2 (А1 level),MDE,0,8,10,16,7,0,4,0,0,0,0,45,17.8%   22.2%   35.6%   15.6%   8.9%,1,2,2022,460
MDE 132,Turkish Language 2 (А1 level),MDE,0,132,82,10,2,3,4,0,0,0,0,233,56.7%   35.2%   4.3%   0.9%   3%,1,2,2022,212
MDE 132,Turkish Language 2 (А1 level),MDE,0,10,9,4,2,0,1,0,0,0,0,26,38.5%   34.6%   15.4%   7.7%   3.8%,0,2,2022,207
MDE 134,Turkish Language 4 (А2 level),MDE,0,17,12,10,4,0,1,0,0,0,0,44,38.6%   27.3%   22.7%   9.1%   2.3%,0,2,2022,200
MDE 134,Turkish Language 4 (А2 level),MDE,1,12,3,4,2,0,0,0,0,0,0,21,57.1%   14.3%   19%   9.5%   0%,0,2,2022,201
MDE 134,Turkish Language 4 (А2 level),MDE,0,7,20,12,2,0,3,0,0,0,0,44,15.9%   45.5%   27.3%   4.5%   6.8%,0,2,2022,461
MDE 134,Turkish Language 4 (А2 level),MDE,0,95,131,13,1,0,2,0,0,0,0,242,39.3%   54.1%   5.4%   0.4%   0.8%,0,2,2022,202
MDE 134,Turkish Language 4 (А2 level),MDE,0,9,19,8,3,0,5,0,0,0,0,44,20.5%   43.2%   18.2%   6.8%   11.4%,0,2,2022,462
MDE 134,Turkish Language 4 (А2 level),MDE,0,12,8,1,0,0,1,0,0,0,0,22,54.5%   36.4%   4.5%   0%   4.5%,0,2,2022,210
MDE 134,Turkish Language 4 (А2 level),MDE,1,156,31,4,1,0,4,0,0,0,0,196,79.6%   15.8%   2%   0.5%   2%,0,2,2022,204
MDE 134,Turkish Language 4 (А2 level),MDE,0,6,5,4,6,0,1,0,0,0,0,22,27.3%   22.7%   18.2%   27.3%   4.5%,1,2,2022,211
MDE 134,Turkish Language 4 (А2 level),MDE,0,39,59,48,13,1,11,0,0,0,1,172,22.7%   34.3%   27.9%   7.6%   7%,1,2,2022,460
MDE 134,Turkish Language 4 (А2 level),MDE,0,155,84,3,0,0,0,0,0,0,0,242,64%   34.7%   1.2%   0%   0%,0,2,2022,207
MDE 134,Turkish Language 4 (А2 level),MDE,1,28,45,28,16,4,14,0,0,0,1,136,20.6%   33.1%   20.6%   11.8%   13.2%,1,2,2022,208
MDE 151,Module of Social and Political Knowledge (Political Science),MDE,1,369,104,48,9,0,55,0,0,0,6,591,62.4%   17.6%   8.1%   1.5%   9.3%,1,2,2022,522
MDE 151,Module of Social and Political Knowledge (Political Science),MDE,0,90,0,0,0,0,0,0,0,0,0,90,100%   0%   0%   0%   0%,1,2,2022,408
MDE 151,Module of Social and Political Knowledge (Political Science),MDE,0,238,35,1,0,0,20,0,0,0,2,296,80.4%   11.8%   0.3%   0%   6.8%,0,2,2022,224
MDE 151,Module of Social and Political Knowledge (Political Science),MDE,1,178,55,34,3,0,28,0,0,0,0,298,59.7%   18.5%   11.4%   1%   9.4%,0,2,2022,470
MDE 152,Module of Social and Political Knowledge (Sociology),MDE,1,471,189,48,4,0,29,0,0,0,7,748,63%   25.3%   6.4%   0.5%   3.9%,1,2,2022,522
MDE 152,Module of Social and Political Knowledge (Sociology),MDE,0,61,1,0,0,0,1,0,0,0,0,63,96.8%   1.6%   0%   0%   1.6%,1,2,2022,408
MDE 153,Module of Social and Political Knowledge (Cultural Studies),MDE,0,666,35,14,6,4,18,0,0,0,2,745,89.4%   4.7%   1.9%   0.8%   3%,0,2,2022,523
MDE 153,Module of Social and Political Knowledge (Cultural Studies),MDE,0,646,34,1,1,1,4,0,0,0,1,688,93.9%   4.9%   0.1%   0.1%   0.7%,1,2,2022,524
MDE 153,Module of Social and Political Knowledge (Cultural Studies),MDE,0,53,1,0,0,0,6,0,0,0,0,60,88.3%   1.7%   0%   0%   10%,1,2,2022,408
MDE 154,Module of Social and Political Knowledge (Psychology),MDE,0,1448,21,85,16,19,53,0,0,0,1,1643,88.1%   1.3%   5.2%   1%   4.4%,1,2,2022,217
MDE 156,Foreign Language 1 (English for Academic Purposes - B1 level ),MDE,0,9,22,25,7,1,6,0,0,0,0,70,12.9%   31.4%   35.7%   10%   10%,0,2,2022,450
MDE 158,Foreign Language 2 (English for Specific Purposes - B2+ level),MDE,0,2,12,4,2,0,0,0,0,0,0,20,10%   60%   20%   10%   0%,1,2,2022,464
MDE 168,Innovative Trends,PED,1,11,7,2,0,1,1,0,0,0,0,22,50%   31.8%   9.1%   0%   9.1%,1,2,2022,112
MDE 170,Community engagement and value based Society 2,MDE,0,0,0,0,0,0,0,872,11,9,1,893,0%   0%   0%   0%   0%,1,2,2022,525
MDE 171,History of Kazakhstan,MDE,1,134,264,69,15,0,18,0,0,0,0,500,26.8%   52.8%   13.8%   3%   3.6%,0,2,2022,69
MDE 171,History of Kazakhstan,MDE,0,38,77,74,34,0,27,0,0,0,0,250,15.2%   30.8%   29.6%   13.6%   10.8%,0,2,2022,218
MDE 171,History of Kazakhstan,MDE,0,291,83,14,1,0,9,0,0,0,1,399,72.9%   20.8%   3.5%   0.3%   2.3%,0,2,2022,219
MDE 172,Philosophy,MDE,0,49,96,64,10,0,27,0,0,0,2,248,19.8%   38.7%   25.8%   4%   10.9%,0,2,2022,526
MDE 172,Philosophy,MDE,1,9,14,4,1,1,0,0,0,0,0,29,31%   48.3%   13.8%   3.4%   3.4%,0,2,2022,361
MDE 172,Philosophy,MDE,0,141,117,35,6,1,18,0,0,0,5,323,43.7%   36.2%   10.8%   1.9%   5.9%,0,2,2022,224
MDE 172,Philosophy,MDE,1,163,148,88,40,2,94,0,0,0,3,538,30.3%   27.5%   16.4%   7.4%   17.8%,0,2,2022,470
MDE 172,Philosophy,MDE,1,51,65,49,21,1,34,0,0,0,0,221,23.1%   29.4%   22.2%   9.5%   15.8%,0,2,2022,220
MDE 173,Information and Communication Technologies (in English),MDE,0,18,29,46,51,9,21,0,0,0,0,174,10.3%   16.7%   26.4%   29.3%   17.2%,1,2,2022,221
MDE 177,Turkish Language 1 (А1 level),MDE,0,6,7,0,0,0,1,0,0,0,0,14,42.9%   50%   0%   0%   7.1%,1,2,2022,521
MDE 178,Turkish Language 2 (А2 level),MDE,0,8,7,10,1,0,0,0,0,0,0,26,30.8%   26.9%   38.5%   3.8%   0%,1,2,2022,222
MDE 178,Turkish Language 2 (А2 level),MDE,0,10,12,3,0,0,0,0,0,0,0,25,40%   48%   12%   0%   0%,1,2,2022,521
MDE 178,Turkish Language 2 (А2 level),MDE,1,43,29,5,0,0,1,0,0,0,0,78,55.1%   37.2%   6.4%   0%   1.3%,0,2,2022,203
MDE 178,Turkish Language 2 (А2 level),MDE,0,18,6,2,0,0,0,0,0,0,0,26,69.2%   23.1%   7.7%   0%   0%,1,2,2022,459
MDE 178,Turkish Language 2 (А2 level),MDE,0,13,25,21,8,2,4,0,0,0,0,73,17.8%   34.2%   28.8%   11%   8.2%,1,2,2022,211
MDE 178,Turkish Language 2 (А2 level),MDE,0,42,36,19,7,0,2,0,0,0,0,106,39.6%   34%   17.9%   6.6%   1.9%,0,2,2022,207
MDE 180,Turkish Language 2 (B2 level),MDE,1,14,4,5,0,0,1,0,0,0,0,24,58.3%   16.7%   20.8%   0%   4.2%,1,2,2022,205
MDE 182,Kazakh Language for Professional Purposes,MDE,0,0,0,2,1,0,2,0,0,0,0,5,0%   0%   40%   20%   40%,1,2,2022,190
MDE 183,Professional oriented foreign language,ENG,0,0,0,2,1,2,1,0,0,0,0,6,0%   0%   33.3%   16.7%   50%,1,2,2022,181
MDE 187,Foreign Language 2 (English for Academic Purposes - B1+ level ),MDE,0,23,47,15,2,0,9,0,0,0,1,97,23.7%   48.5%   15.5%   2.1%   9.3%,1,2,2022,473
MDE 188,Foreign Language 2 (English for Academic Purposes - B1+ level ),MDE,0,6,18,16,11,2,1,0,0,0,1,55,10.9%   32.7%   29.1%   20%   5.5%,0,2,2022,472
MDE 190,Foreign Language 1 (English for Academic Purposes - B1 level ),MDE,0,3,44,46,25,9,22,0,0,0,2,151,2%   29.1%   30.5%   16.6%   20.5%,1,2,2022,184
MDE 190,Foreign Language 1 (English for Academic Purposes - B1 level ),MDE,0,0,8,7,1,0,6,0,0,0,0,22,0%   36.4%   31.8%   4.5%   27.3%,1,2,2022,473
MDE 190,Foreign Language 1 (English for Academic Purposes - B1 level ),MDE,0,0,12,9,1,0,4,0,0,0,0,26,0%   46.2%   34.6%   3.8%   15.4%,0,2,2022,227
MDE 190,Foreign Language 1 (English for Academic Purposes - B1 level ),MDE,0,7,8,6,1,0,3,0,0,0,0,25,28%   32%   24%   4%   12%,1,2,2022,183
MDE 191,Foreign Language 2 (English for Academic Purposes - B1+ level ),MDE,0,2,2,8,7,0,1,0,0,0,0,20,10%   10%   40%   35%   5%,1,2,2022,449
MDE 191,Foreign Language 2 (English for Academic Purposes - B1+ level ),MDE,0,0,3,8,5,1,2,0,0,0,1,20,0%   15%   40%   25%   15%,1,2,2022,318
MDE 191,Foreign Language 2 (English for Academic Purposes - B1+ level ),MDE,0,1,6,5,3,1,3,0,0,0,0,19,5.3%   31.6%   26.3%   15.8%   21.1%,1,2,2022,475
MDE 191,Foreign Language 2 (English for Academic Purposes - B1+ level ),MDE,0,26,59,39,11,2,3,0,0,0,0,140,18.6%   42.1%   27.9%   7.9%   3.6%,0,2,2022,227
MDE 191,Foreign Language 2 (English for Academic Purposes - B1+ level ),MDE,1,7,17,19,8,3,6,0,0,0,0,60,11.7%   28.3%   31.7%   13.3%   15%,0,2,2022,305
MDE 191,Foreign Language 2 (English for Academic Purposes - B1+ level ),MDE,0,4,32,20,8,2,12,0,0,0,1,79,5.1%   40.5%   25.3%   10.1%   17.7%,0,2,2022,472
MDE 191,Foreign Language 2 (English for Academic Purposes - B1+ level ),MDE,0,1,9,27,14,1,6,0,0,0,0,58,1.7%   15.5%   46.6%   24.1%   12.1%,0,2,2022,450
MDE 194,Foreign Language 2 (English for Specific Purposes - B2+ level),MDE,0,13,33,15,1,0,1,0,0,0,0,63,20.6%   52.4%   23.8%   1.6%   1.6%,1,2,2022,181
MDE 194,Foreign Language 2 (English for Specific Purposes - B2+ level),MDE,0,4,35,34,13,3,5,0,0,0,1,95,4.2%   36.8%   35.8%   13.7%   8.4%,1,2,2022,464
MDE 195,Foreign Language 1 (General English - A2 level),MDE,0,1,6,6,2,0,0,0,0,0,0,15,6.7%   40%   40%   13.3%   0%,0,2,2022,472
MDE 195,Foreign Language 1 (General English - A2 level),MDE,0,5,10,1,0,0,0,0,0,0,0,16,31.3%   62.5%   6.3%   0%   0%,1,2,2022,474
MDE 196,Foreign Language 2 (General English - A2+ level),MDE,0,12,21,1,1,0,0,0,0,0,0,35,34.3%   60%   2.9%   2.9%   0%,1,2,2022,183
MDE 197,Foreign Language 1 (English for Academic Purposes - B1 level ),MDE,0,8,22,16,4,0,1,0,0,0,0,51,15.7%   43.1%   31.4%   7.8%   2%,1,2,2022,180
MDE 198,Foreign Language 2 (English for Academic Purposes - B1+ level ),MDE,0,21,50,23,4,0,0,0,0,0,1,99,21.2%   50.5%   23.2%   4%   0%,1,2,2022,180
MDE 200,Foreign Language 2 (English for Specific Purposes - B2+ level),MDE,0,4,1,0,0,0,0,0,0,0,0,5,80%   20%   0%   0%   0%,1,2,2022,449
MDE 202,Turkish Language 2 (B1 level) (Debate club),MDE,1,18,5,0,0,0,1,0,0,0,0,24,75%   20.8%   0%   0%   4.2%,1,2,2022,213
MDE 204,Turkish Language 4 (B2 level) (Debate club),MDE,1,10,1,0,0,0,3,0,0,0,0,14,71.4%   7.1%   0%   0%   21.4%,1,2,2022,213
MDE 206,Turkish Language 2 (B1 level) ( Cooking club ),MDE,0,24,0,0,0,0,0,0,0,0,0,24,100%   0%   0%   0%   0%,1,2,2022,211
MDE 208,Turkish Language 4 (B2 level) ( Cooking club ),MDE,0,20,0,0,0,0,0,0,0,0,0,20,100%   0%   0%   0%   0%,1,2,2022,211
MDE 212,Turkish Language 4 (B2 level) ( Storytelling club),MDE,1,18,3,1,0,0,0,0,0,0,0,22,81.8%   13.6%   4.5%   0%   0%,0,2,2022,204
MDE 214,Turkish Language 2 (B1 level) (Singing club),MDE,0,22,3,0,0,0,0,0,0,0,0,25,88%   12%   0%   0%   0%,0,2,2022,209
MDE 216,Turkish Language 4 (B2 level) (Singing club),MDE,0,17,5,1,0,0,1,0,0,0,0,24,70.8%   20.8%   4.2%   0%   4.2%,0,2,2022,209
MDE 218,Turkish Language 2 (B1 level) (Translation club ),MDE,0,9,6,1,3,0,0,0,0,0,0,19,47.4%   31.6%   5.3%   15.8%   0%,1,2,2022,212
MDE 220,Turkish Language 4 (B2 level) (Translation club ),MDE,0,6,9,0,0,0,0,0,0,0,0,15,40%   60%   0%   0%   0%,1,2,2022,212
MDE 222,Turkish Language 2 (B1 level) (Poetry club),MDE,1,11,0,1,0,0,0,0,0,0,0,12,91.7%   0%   8.3%   0%   0%,1,2,2022,208
MDE 224,Turkish Language 4 (B2 level) (Poetry club),MDE,1,10,1,0,7,0,4,0,0,0,0,22,45.5%   4.5%   0%   31.8%   18.2%,1,2,2022,208
MDE 226,Turkish Language 2 (B1 level) (Movie club),MDE,0,7,12,4,0,0,2,0,0,0,0,25,28%   48%   16%   0%   8%,0,2,2022,200
MDE 228,Turkish Language 4 (B2 level) (Movie club),MDE,0,15,5,3,1,0,0,0,0,0,0,24,62.5%   20.8%   12.5%   4.2%   0%,0,2,2022,200
MDE 230,Turkish Language 2 (B1 level) (Turkology club),MDE,1,4,0,4,6,0,0,0,0,0,0,14,28.6%   0%   28.6%   42.9%   0%,0,2,2022,203
MDE 236,Turkish Language 4 (B2 level) (Drama club),MDE,1,5,4,1,0,0,2,0,0,0,0,12,41.7%   33.3%   8.3%   0%   16.7%,1,2,2022,205
MDE 238,Turkish Language 2 (B1 level) (Art club),MDE,0,7,9,0,2,0,2,0,0,0,0,20,35%   45%   0%   10%   10%,1,2,2022,206
MDE 240,Turkish Language 4 (B2 level) (Art club),MDE,0,13,6,1,0,0,0,0,0,0,1,21,61.9%   28.6%   4.8%   0%   0%,1,2,2022,206
MDE 552,Higher School Pedagogy,PED,1,7,30,22,3,2,30,0,0,0,1,95,7.4%   31.6%   23.2%   3.2%   33.7%,0,2,2022,305
MDE 552,Higher School Pedagogy,LAW,0,0,3,3,0,0,0,0,0,0,0,6,0%   50%   50%   0%   0%,1,2,2022,181
MDE 554,Foreign Language (professional),MDE,0,41,29,5,1,0,32,0,0,0,0,108,38%   26.9%   4.6%   0.9%   29.6%,1,2,2022,183
MMS 104,Engineering Graphics,ENG,0,12,3,0,0,0,0,0,0,0,0,15,80%   20%   0%   0%   0%,1,2,2022,419
MMS 105,Computer programming 2,ENG,0,11,2,0,0,0,0,0,0,0,0,13,84.6%   15.4%   0%   0%   0%,0,2,2022,28
MMS 106,Computer graphics programming and Educational Practice,ENG,0,4,10,1,0,0,0,0,0,0,0,15,26.7%   66.7%   6.7%   0%   0%,0,2,2022,389
MMS 107,Graphic Design,ENG,0,13,2,0,0,0,0,0,0,0,0,15,86.7%   13.3%   0%   0%   0%,0,2,2022,413
PED 108,Academic English,PED,0,13,7,3,0,0,1,0,0,0,0,24,54.2%   29.2%   12.5%   0%   4.2%,1,2,2022,449
PED 111,Linear Algebra,PED,0,37,25,9,1,0,2,0,0,0,0,74,50%   33.8%   12.2%   1.4%   2.7%,1,2,2022,231
PED 112,Mechanics,PED,0,7,8,24,13,1,0,0,0,0,0,53,13.2%   15.1%   45.3%   24.5%   1.9%,0,2,2022,478
PED 126,Principles of Programming and Language,PED,0,16,26,7,0,3,0,0,0,0,0,52,30.8%   50%   13.5%   0%   5.8%,1,2,2022,481
PED 132,Mathematical Analysis 2,PED,0,33,24,12,2,0,1,0,0,0,1,73,45.2%   32.9%   16.4%   2.7%   1.4%,1,2,2022,477
PED 133,Inorganic Chemistry,PED,0,13,29,24,6,0,0,0,0,0,0,72,18.1%   40.3%   33.3%   8.3%   0%,0,2,2022,404
PED 135,Zoology,PED,0,9,22,20,5,0,0,0,0,0,9,65,13.8%   33.8%   30.8%   7.7%   0%,0,2,2022,233
PED 208,Thermodynamics,PED,1,1,1,16,17,5,0,0,0,0,1,41,2.4%   2.4%   39%   41.5%   12.2%,0,2,2022,232
PED 212,Organic Chemistry,PED,0,3,42,5,1,0,0,0,0,0,0,51,5.9%   82.4%   9.8%   2%   0%,1,2,2022,480
PED 223,Pedagogy,PED,0,65,109,10,0,0,3,0,0,0,1,188,34.6%   58%   5.3%   0%   1.6%,1,2,2022,527
PED 225,Pedagogical practice 1(continuous),PED,0,96,0,0,0,0,0,0,0,0,0,96,100%   0%   0%   0%   0%,0,2,2022,359
PED 225,Pedagogical practice 1(continuous),PED,1,10,31,5,0,0,0,0,0,0,0,46,21.7%   67.4%   10.9%   0%   0%,0,2,2022,232
PED 242,User Interface Design,PED,0,9,19,12,5,0,0,0,0,0,0,45,20%   42.2%   26.7%   11.1%   0%,1,2,2022,481
PED 244,Analytic Geometry,PED,0,18,46,25,4,0,1,0,0,0,2,96,18.8%   47.9%   26%   4.2%   1%,0,2,2022,528
PED 246,Mathematical Analysis 4,PED,0,11,35,32,9,3,2,0,0,0,2,94,11.7%   37.2%   34%   9.6%   5.3%,1,2,2022,529
PED 266,Analytical Chemistry (quantitative analysis),PED,0,31,13,3,1,0,2,0,0,0,0,50,62%   26%   6%   2%   4%,1,2,2022,480
PED 298,Educational and introductory practice,PED,0,53,0,0,0,0,0,0,0,0,0,53,100%   0%   0%   0%   0%,0,2,2022,233
PED 305,Microbiology,PED,0,13,19,27,6,0,5,0,0,0,2,72,18.1%   26.4%   37.5%   8.3%   6.9%,0,2,2022,233
PED 320,Electrodynamics,PED,0,6,10,13,2,0,0,0,0,0,0,31,19.4%   32.3%   41.9%   6.5%   0%,0,2,2022,237
PED 328,Calculation methods,PED,0,18,24,15,9,2,4,0,0,0,1,73,24.7%   32.9%   20.5%   12.3%   8.2%,0,2,2022,359
PED 335,Professional Oriented Foreign Language(CLIL),PED,0,12,15,7,1,0,0,0,0,0,0,35,34.3%   42.9%   20%   2.9%   0%,0,2,2022,478
PED 339,Biotechnology,PED,0,9,29,19,2,0,1,0,0,0,0,60,15%   48.3%   31.7%   3.3%   1.7%,0,2,2022,485
PED 348,Pedagogical practice 2 (continuous),PED,1,29,0,0,0,0,0,0,0,0,0,29,100%   0%   0%   0%   0%,0,2,2022,232
PED 354,Molecular biology,PED,0,11,30,9,1,0,1,0,0,0,0,52,21.2%   57.7%   17.3%   1.9%   1.9%,0,2,2022,485
PED 357,Algorithms and Olympic Programming,PED,0,4,9,32,16,7,2,0,0,0,14,84,4.8%   10.7%   38.1%   19%   10.7%,0,2,2022,246
PED 361,Applied Statistics,PED,0,11,14,23,6,4,8,0,0,0,2,68,16.2%   20.6%   33.8%   8.8%   17.6%,1,2,2022,249
PED 363,Plant and animal biology,PED,0,23,26,2,1,0,2,0,0,0,1,55,41.8%   47.3%   3.6%   1.8%   3.6%,1,2,2022,479
PED 368,Physical chemistry,PED,1,2,16,29,5,0,4,0,0,0,0,56,3.6%   28.6%   51.8%   8.9%   7.1%,1,2,2022,487
PED 374,Chemical Technology,PED,1,1,21,20,6,0,4,0,0,0,0,52,1.9%   40.4%   38.5%   11.5%   7.7%,0,2,2022,238
PED 390,CLIL Mathematics,PED,0,8,11,24,13,2,3,0,0,0,0,61,13.1%   18%   39.3%   21.3%   8.2%,0,2,2022,246
PED 391,Complex Analysis,PED,0,7,13,19,13,2,5,0,0,0,0,59,11.9%   22%   32.2%   22%   11.9%,1,2,2022,249
PED 398,Teaching practice (continuous),PED,0,0,0,0,0,0,0,60,0,0,0,60,0%   0%   0%   0%   0%,1,2,2022,477
PED 405,Mobile Application Development,PED,0,9,18,5,2,0,0,0,0,0,0,34,26.5%   52.9%   14.7%   5.9%   0%,1,2,2022,481
PED 416,Number theory and solving Olympiad problems,PED,0,13,18,15,14,1,6,0,0,0,0,67,19.4%   26.9%   22.4%   20.9%   10.4%,1,2,2022,482
PED 431,Electronics (Robotics),PED,0,23,7,1,0,0,0,0,0,0,0,31,74.2%   22.6%   3.2%   0%   0%,0,2,2022,483
PED 432,Research Methods in Education 2,PED,0,21,6,1,2,0,2,0,0,0,0,32,65.6%   18.8%   3.1%   6.3%   6.3%,0,2,2022,236
PED 432,Research Methods in Education 2,PED,0,7,19,4,1,0,2,0,0,0,0,33,21.2%   57.6%   12.1%   3%   6.1%,0,2,2022,237
PED 444,Pre-diploma practice,PED,1,2,3,0,0,0,0,0,0,0,0,5,40%   60%   0%   0%   0%,1,2,2022,241
PED 444,Pre-diploma practice,PED,0,5,0,0,0,0,0,0,0,0,0,5,100%   0%   0%   0%   0%,0,2,2022,246
PED 460,Pedagogical practice,PED,0,2,0,0,0,0,0,0,0,0,0,2,100%   0%   0%   0%   0%,0,2,2022,485
PED 460,Pedagogical practice,PED,0,3,2,0,0,0,1,0,0,0,0,6,50%   33.3%   0%   0%   16.7%,1,2,2022,231
PED 460,Pedagogical practice,PED,1,5,2,0,0,0,0,0,0,0,0,7,71.4%   28.6%   0%   0%   0%,1,2,2022,241
PED 460,Pedagogical practice,PED,0,9,1,0,0,0,0,0,0,0,0,10,90%   10%   0%   0%   0%,1,2,2022,482
PED 460,Pedagogical practice,PED,0,2,1,0,0,0,0,0,0,0,0,3,66.7%   33.3%   0%   0%   0%,1,2,2022,480
PED 460,Pedagogical practice,PED,0,2,0,0,0,0,0,0,0,0,1,3,66.7%   0%   0%   0%   0%,1,2,2022,479
PED 460,Pedagogical practice,PED,0,8,3,0,2,0,2,0,0,0,0,15,53.3%   20%   0%   13.3%   13.3%,0,2,2022,359
PED 460,Pedagogical practice,PED,1,18,10,4,3,0,1,0,0,0,0,36,50%   27.8%   11.1%   8.3%   2.8%,0,2,2022,232
PED 462,State exam on speciality,PED,1,8,20,27,6,0,0,0,0,0,0,61,13.1%   32.8%   44.3%   9.8%   0%,1,2,2022,241
PED 462,State exam on speciality,PED,0,4,7,3,5,2,0,0,0,0,0,21,19%   33.3%   14.3%   23.8%   9.5%,0,2,2022,246
PED 462,State exam on speciality,PED,1,0,5,21,3,1,0,0,0,0,0,30,0%   16.7%   70%   10%   3.3%,0,2,2022,232
PED 464,Writing and defense of the thesis (project),PED,1,5,0,0,0,0,0,0,0,0,0,5,100%   0%   0%   0%   0%,1,2,2022,241
PED 464,Writing and defense of the thesis (project),PED,0,5,0,0,0,0,0,0,0,0,0,5,100%   0%   0%   0%   0%,0,2,2022,246
PED 490,Pedagogical Practice,PED,0,6,1,0,0,0,0,0,0,0,0,7,85.7%   14.3%   0%   0%   0%,0,2,2022,485
PED 490,Pedagogical Practice,PED,1,12,0,0,0,0,0,0,0,0,0,12,100%   0%   0%   0%   0%,1,2,2022,241
PED 490,Pedagogical Practice,PED,0,11,0,1,0,0,0,0,0,0,0,12,91.7%   0%   8.3%   0%   0%,1,2,2022,480
PED 490,Pedagogical Practice,PED,0,8,1,0,0,0,1,0,0,0,0,10,80%   10%   0%   0%   10%,1,2,2022,479
PED 490,Pedagogical Practice,PED,0,16,1,0,0,0,0,0,0,0,0,17,94.1%   5.9%   0%   0%   0%,0,2,2022,404
PED 494,Pre-graduation practicum,PED,1,1,2,0,0,0,0,0,0,0,0,3,33.3%   66.7%   0%   0%   0%,1,2,2022,241
PED 494,Pre-graduation practicum,PED,0,1,0,0,0,0,0,0,0,0,0,1,100%   0%   0%   0%   0%,0,2,2022,246
PED 496,Research methods,PED,1,14,49,7,3,0,1,0,0,0,0,74,18.9%   66.2%   9.5%   4.1%   1.4%,0,2,2022,234
PED 497,Pedagogical workshop,PED,1,11,30,13,6,1,0,0,0,0,0,61,18%   49.2%   21.3%   9.8%   1.6%,1,2,2022,241
PED 497,Pedagogical workshop,PED,0,20,0,0,0,0,0,0,0,0,0,20,100%   0%   0%   0%   0%,0,2,2022,246
PED 497,Pedagogical workshop,PED,1,0,4,17,12,0,2,0,0,0,0,35,0%   11.4%   48.6%   34.3%   5.7%,0,2,2022,232
PED 504,Solving construction problems in the plane and in space,PED,1,9,3,0,0,0,0,0,0,0,0,12,75%   25%   0%   0%   0%,0,2,2022,255
PED 510,Teaching Practice,PED,1,12,2,0,0,0,2,0,0,0,0,16,75%   12.5%   0%   0%   12.5%,0,2,2022,257
PED 510,Teaching Practice,PED,1,6,2,0,0,0,2,0,0,0,0,10,60%   20%   0%   0%   20%,0,2,2022,232
PED 515,Research scientific training,PED,0,0,0,0,0,0,0,52,1,0,0,53,0%   0%   0%   0%   0%,1,2,2022,482
PED 519,Scientific Research Methods and data analysis,PED,0,0,0,2,2,0,1,0,0,0,1,6,0%   0%   33.3%   33.3%   16.7%,0,2,2022,258
PED 544,Research Methods,PED,0,0,3,3,1,0,2,0,0,0,0,9,0%   33.3%   33.3%   11.1%   22.2%,0,2,2022,258
PED 551,Basics of preparing research projects,PED,0,0,1,3,0,0,1,0,0,0,0,5,0%   20%   60%   0%   20%,0,2,2022,258
PED 554,Tertiary Teaching,PED,0,18,0,0,0,0,2,0,0,0,1,21,85.7%   0%   0%   0%   9.5%,1,2,2022,239
PED 555,STEAM education,PED,1,0,2,1,2,0,1,0,0,0,0,6,0%   33.3%   16.7%   33.3%   16.7%,0,2,2022,256
PED 570,Mathematics,PED,0,3,3,0,0,0,2,0,0,0,1,9,33.3%   33.3%   0%   0%   22.2%,1,2,2022,249
PED 572,Selected chapters of optics and solid state physics,PED,0,1,5,1,0,0,1,0,0,0,0,8,12.5%   62.5%   12.5%   0%   12.5%,0,2,2022,237
PED 588,Formation of functional literacy in mathematics,PED,1,10,1,0,0,0,0,0,0,0,0,11,90.9%   9.1%   0%   0%   0%,0,2,2022,257
PED 589,Scientific Research Methods and data analysis,PED,0,8,3,0,0,0,1,0,0,0,0,12,66.7%   25%   0%   0%   8.3%,0,2,2022,258
PED 632,Academic writing,PED,1,3,4,8,2,0,4,0,0,0,1,22,13.6%   18.2%   36.4%   9.1%   18.2%,1,2,2022,260
PED 706,Pedagogical practice,PED,1,1,0,0,0,0,0,0,0,0,0,1,100%   0%   0%   0%   0%,0,2,2022,257
PED 707,Academic Writing,PED,1,1,0,1,0,0,0,0,0,0,0,2,50%   0%   50%   0%   0%,1,2,2022,260
PED 708,Scientific Researches Technology,PED,1,0,1,0,0,0,0,0,0,0,0,1,0%   100%   0%   0%   0%,0,2,2022,255
PHT 114,Modern Kazakh language: phonetics and phonology,PED,1,2,4,2,3,1,0,0,0,0,0,12,16.7%   33.3%   16.7%   25%   8.3%,1,2,2022,114
PHT 118,Kazakh folklore,PED,1,7,4,0,1,0,0,0,0,0,0,12,58.3%   33.3%   0%   8.3%   0%,1,2,2022,116
PHT 201,Lexicology and lexicography of the modern Kazakh language,PED,1,2,5,4,1,0,0,0,0,0,0,12,16.7%   41.7%   33.3%   8.3%   0%,1,2,2022,120
PHT 204,Modern Kazakh language: word formation and morphology,PED,1,1,2,3,0,0,0,0,0,0,0,6,16.7%   33.3%   50%   0%   0%,1,2,2022,115
PHT 216,Creative workshop of the writer Writer's creative workshop (with laboratory practice),PED,1,2,2,2,0,0,0,0,0,0,0,6,33.3%   33.3%   33.3%   0%   0%,1,2,2022,111
PHT 328,Innovative trends,PED,1,2,8,2,0,0,0,0,0,0,0,12,16.7%   66.7%   16.7%   0%   0%,1,2,2022,112
PRE 101,Children Psycology,PED,1,2,12,0,0,0,1,0,0,0,0,15,13.3%   80%   0%   0%   6.7%,1,2,2022,530
PRE 103,Early and preschool education,PED,0,3,11,0,0,0,1,0,0,0,0,15,20%   73.3%   0%   0%   6.7%,1,2,2022,488
PRE 104,Educational practice (Pedagogy ),PED,0,13,1,0,0,0,1,0,0,0,0,15,86.7%   6.7%   0%   0%   6.7%,1,2,2022,488
PRE 204,Pedagogy,PED,0,3,6,1,0,0,0,0,0,0,0,10,30%   60%   10%   0%   0%,1,2,2022,407
PRE 207,Kazakh Language for Professional Purposes,PED,1,5,5,0,0,0,1,0,0,0,0,11,45.5%   45.5%   0%   0%   9.1%,1,2,2022,111
PRE 208,Inclusive Education,PED,0,3,7,1,0,0,2,0,0,0,0,13,23.1%   53.8%   7.7%   0%   15.4%,1,2,2022,488
PRE 213,Educational Practice (Inclusive Educationin a preschool organization),PED,0,7,1,1,0,0,1,0,0,0,0,10,70%   10%   10%   0%   10%,1,2,2022,488
PRE 214,"Art education (fine arts, needlework)",PED,0,9,0,0,0,0,1,0,0,0,0,10,90%   0%   0%   0%   10%,1,2,2022,488
PRI 101,Basics of the initial course of mathematics,PED,1,2,3,0,0,0,0,0,0,0,0,5,40%   60%   0%   0%   0%,0,2,2022,257
PRI 111,Psychological and pedagogical practice,PED,0,9,5,0,0,0,1,0,0,0,0,15,60%   33.3%   0%   0%   6.7%,1,2,2022,407
PRI 113,Pedagogics,PED,0,9,5,0,0,0,0,0,0,0,0,14,64.3%   35.7%   0%   0%   0%,1,2,2022,407
PRI 114,Children Psychology,PED,1,7,8,0,0,0,0,0,0,0,0,15,46.7%   53.3%   0%   0%   0%,1,2,2022,530
PRI 219,Methods of teaching Natural Science and Worldview the in Primary Schools,PED,0,2,2,1,0,0,0,0,0,0,0,5,40%   40%   20%   0%   0%,1,2,2022,531
PRI 221,Didactics,PED,0,1,3,1,1,0,0,0,0,0,0,6,16.7%   50%   16.7%   16.7%   0%,1,2,2022,488
PSY 104,Principles of psychophysiology in education,PED,1,10,10,3,0,0,1,0,0,0,0,24,41.7%   41.7%   12.5%   0%   4.2%,1,2,2022,530
PSY 107,Basics of psychology,PED,1,16,5,2,0,0,1,0,0,0,0,24,66.7%   20.8%   8.3%   0%   4.2%,1,2,2022,530
PSY 204,Psychology of language aquisition,PED,0,4,1,0,0,0,1,0,0,0,0,6,66.7%   16.7%   0%   0%   16.7%,1,2,2022,407
PSY 206,Psychology of communication,PED,1,3,0,0,0,0,1,0,0,0,0,4,75%   0%   0%   0%   25%,1,2,2022,530
SDS 102,Calculus 2,ENG,1,1,10,5,4,0,0,0,0,0,0,20,5%   50%   25%   20%   0%,0,2,2022,160
SDS 104,Analytic Geometry,ENG,1,1,9,13,1,0,0,0,0,0,0,24,4.2%   37.5%   54.2%   4.2%   0%,1,2,2022,157
SDS 105,Algorithms and programming 1,ENG,0,2,13,4,1,0,0,0,0,0,0,20,10%   65%   20%   5%   0%,1,2,2022,71
SPS 102,Self-knowledge: theory and practice,PED,1,0,2,0,0,0,0,0,0,0,0,2,0%   100%   0%   0%   0%,1,2,2022,530
SPS 104,Social pedagogy,PED,0,0,5,0,0,0,0,0,0,0,0,5,0%   100%   0%   0%   0%,1,2,2022,263
SPS 301,Theory and methods of educational work,PED,1,1,6,1,0,0,0,0,0,0,0,8,12.5%   75%   12.5%   0%   0%,1,2,2022,118
SPS 304,Methods of scientific and pedagogical research,PED,1,1,2,2,0,0,1,0,0,0,0,6,16.7%   33.3%   33.3%   0%   16.7%,1,2,2022,304
SPS 311,Pedagogical diagnostics and consulting,PED,0,3,3,0,0,0,0,0,0,0,0,6,50%   50%   0%   0%   0%,1,2,2022,407
SPS 317,Value-based communication and discourse,PED,1,1,3,1,0,0,1,0,0,0,0,6,16.7%   50%   16.7%   0%   16.7%,1,2,2022,377
TFL 120,Foreign language (В1) ENGLISH - 2,PED,0,19,4,0,0,0,0,0,0,0,0,23,82.6%   17.4%   0%   0%   0%,1,2,2022,314
TFL 120,Foreign language (В1) ENGLISH - 2,PED,0,0,5,4,1,0,0,0,0,0,0,10,0%   50%   40%   10%   0%,1,2,2022,60
TFL 120,Foreign language (В1) ENGLISH - 2,PED,0,1,4,5,0,0,1,0,0,0,0,11,9.1%   36.4%   45.5%   0%   9.1%,1,2,2022,264
TFL 120,Foreign language (В1) ENGLISH - 2,PED,0,29,10,5,1,0,0,0,0,0,0,45,64.4%   22.2%   11.1%   2.2%   0%,1,2,2022,489
TFL 120,Foreign language (В1) ENGLISH - 2,PED,0,8,14,8,5,2,2,0,0,0,0,39,20.5%   35.9%   20.5%   12.8%   10.3%,1,2,2022,265
TFL 120,Foreign language (В1) ENGLISH - 2,PED,0,7,10,5,0,0,0,0,0,0,0,22,31.8%   45.5%   22.7%   0%   0%,1,2,2022,268
TFL 120,Foreign language (В1) ENGLISH - 2,PED,0,5,13,3,1,0,0,0,0,0,0,22,22.7%   59.1%   13.6%   4.5%   0%,1,2,2022,269
TFL 120,Foreign language (В1) ENGLISH - 2,PED,0,11,4,4,0,0,2,0,0,0,0,21,52.4%   19%   19%   0%   9.5%,1,2,2022,532
TFL 120,Foreign language (В1) ENGLISH - 2,PED,0,8,15,2,1,1,2,0,0,0,1,30,26.7%   50%   6.7%   3.3%   10%,0,2,2022,271
TFL 156,Reading and Writing 2,PED,0,4,12,4,1,0,0,0,0,0,0,21,19%   57.1%   19%   4.8%   0%,1,2,2022,489
TFL 156,Reading and Writing 2,PED,0,4,4,7,4,3,2,0,0,0,0,24,16.7%   16.7%   29.2%   16.7%   20.8%,1,2,2022,267
TFL 156,Reading and Writing 2,PED,0,44,0,0,0,0,1,0,0,0,0,45,97.8%   0%   0%   0%   2.2%,0,2,2022,273
TFL 156,Reading and Writing 2,LAW,0,44,0,0,0,0,1,0,0,0,0,45,97.8%   0%   0%   0%   2.2%,0,2,2022,273
TFL 156,Reading and Writing 2,PED,0,4,15,1,0,1,2,0,0,0,0,23,17.4%   65.2%   4.3%   0%   13%,1,2,2022,265
TFL 156,Reading and Writing 2,PED,0,29,15,1,0,0,1,0,0,0,0,46,63%   32.6%   2.2%   0%   2.2%,1,2,2022,268
TFL 156,Reading and Writing 2,PED,0,6,15,3,1,0,0,0,0,0,1,26,23.1%   57.7%   11.5%   3.8%   0%,1,2,2022,430
TFL 156,Reading and Writing 2,PED,0,16,23,9,1,0,0,0,0,0,0,49,32.7%   46.9%   18.4%   2%   0%,1,2,2022,266
TFL 156,Reading and Writing 2,PED,0,9,16,5,4,3,6,0,0,0,1,44,20.5%   36.4%   11.4%   9.1%   20.5%,1,2,2022,269
TFL 156,Reading and Writing 2,PED,0,5,11,10,3,5,3,0,0,0,0,37,13.5%   29.7%   27%   8.1%   21.6%,1,2,2022,276
TFL 211,Educational Practicum (orientation),PED,0,17,17,4,1,2,2,0,0,0,2,45,37.8%   37.8%   8.9%   2.2%   8.9%,1,2,2022,298
TFL 211,Educational Practicum (orientation),PED,0,30,7,2,1,1,2,0,0,0,1,44,68.2%   15.9%   4.5%   2.3%   6.8%,1,2,2022,269
TFL 211,Educational Practicum (orientation),PED,0,8,7,5,1,0,1,0,0,0,1,23,34.8%   30.4%   21.7%   4.3%   4.3%,1,2,2022,288
TFL 211,Educational Practicum (orientation),PED,0,2,9,5,2,0,2,0,0,0,0,20,10%   45%   25%   10%   10%,1,2,2022,276
TFL 211,Educational Practicum (orientation),LAW,0,2,9,5,2,0,2,0,0,0,0,20,10%   45%   25%   10%   10%,1,2,2022,276
TFL 211,Educational Practicum (orientation),PED,0,32,9,1,0,2,2,0,0,0,0,46,69.6%   19.6%   2.2%   0%   8.7%,1,2,2022,293
TFL 226,Major Foreign language [English B2] in Intercultural Communication Contexts - 2,PED,0,1,7,4,1,2,0,0,0,0,0,15,6.7%   46.7%   26.7%   6.7%   13.3%,1,2,2022,264
TFL 226,Major Foreign language [English B2] in Intercultural Communication Contexts - 2,PED,0,8,26,29,13,11,7,0,0,0,0,94,8.5%   27.7%   30.9%   13.8%   19.1%,1,2,2022,533
TFL 226,Major Foreign language [English B2] in Intercultural Communication Contexts - 2,PED,0,17,13,7,3,0,0,0,0,0,0,40,42.5%   32.5%   17.5%   7.5%   0%,1,2,2022,267
TFL 226,Major Foreign language [English B2] in Intercultural Communication Contexts - 2,PED,0,40,0,0,0,0,2,0,0,0,0,42,95.2%   0%   0%   0%   4.8%,0,2,2022,273
TFL 226,Major Foreign language [English B2] in Intercultural Communication Contexts - 2,PED,0,19,21,4,0,2,0,0,0,0,0,46,41.3%   45.7%   8.7%   0%   4.3%,1,2,2022,268
TFL 226,Major Foreign language [English B2] in Intercultural Communication Contexts - 2,PED,0,15,19,7,2,0,3,0,0,0,0,46,32.6%   41.3%   15.2%   4.3%   6.5%,1,2,2022,430
TFL 226,Major Foreign language [English B2] in Intercultural Communication Contexts - 2,PED,0,29,7,3,1,0,3,0,0,0,0,43,67.4%   16.3%   7%   2.3%   7%,1,2,2022,266
TFL 226,Major Foreign language [English B2] in Intercultural Communication Contexts - 2,PED,0,13,16,7,5,1,2,0,0,0,0,44,29.5%   36.4%   15.9%   11.4%   6.8%,0,2,2022,491
TFL 247,Second FL(2)-Turkish (A2-B1),PED,1,17,35,16,7,2,5,0,0,0,0,82,20.7%   42.7%   19.5%   8.5%   8.5%,1,2,2022,213
TFL 251,Second FL(2)-Chinese (A2),PED,0,17,14,8,10,0,4,0,0,0,0,53,32.1%   26.4%   15.1%   18.9%   7.5%,1,2,2022,281
TFL 253,Second Fl(2)-French (A2),PED,0,19,21,8,4,5,5,0,0,0,0,62,30.6%   33.9%   12.9%   6.5%   16.1%,0,2,2022,491
TFL 255,Second FL(2)-Korean (A2),PED,0,46,47,11,4,1,1,0,0,0,0,110,41.8%   42.7%   10%   3.6%   1.8%,1,2,2022,492
TFL 257,Second FL(2)-German (A2),PED,0,14,28,19,6,0,6,0,0,0,1,74,18.9%   37.8%   25.7%   8.1%   8.1%,1,2,2022,285
TFL 272,Foreign Language 4 (General English -В2 level),PED,0,0,4,2,5,0,0,0,0,0,0,11,0%   36.4%   18.2%   45.5%   0%,1,2,2022,60
TFL 273,Second Language Acquisition and Methods of Foreign Language Teaching,PED,1,18,36,7,4,0,2,0,0,0,0,67,26.9%   53.7%   10.4%   6%   3%,1,2,2022,299
TFL 273,Second Language Acquisition and Methods of Foreign Language Teaching,PED,0,12,23,6,0,0,2,0,0,0,0,43,27.9%   53.5%   14%   0%   4.7%,0,2,2022,534
TFL 273,Second Language Acquisition and Methods of Foreign Language Teaching,PED,0,5,9,18,8,0,4,0,0,0,0,44,11.4%   20.5%   40.9%   18.2%   9.1%,1,2,2022,535
TFL 273,Second Language Acquisition and Methods of Foreign Language Teaching,PED,0,34,7,2,0,0,1,0,0,0,0,44,77.3%   15.9%   4.5%   0%   2.3%,1,2,2022,532
TFL 273,Second Language Acquisition and Methods of Foreign Language Teaching,PED,0,13,19,6,2,1,1,0,0,0,0,42,31%   45.2%   14.3%   4.8%   4.8%,1,2,2022,293
TFL 312,Teaching English to Young Learners,PED,0,5,6,11,10,0,1,0,0,0,0,33,15.2%   18.2%   33.3%   30.3%   3%,1,2,2022,294
TFL 312,Teaching English to Young Learners,PED,0,16,33,14,4,0,0,0,0,0,0,67,23.9%   49.3%   20.9%   6%   0%,0,2,2022,279
TFL 312,Teaching English to Young Learners,PED,0,2,40,22,7,2,3,0,0,0,0,76,2.6%   52.6%   28.9%   9.2%   6.6%,1,2,2022,288
TFL 312,Teaching English to Young Learners,PED,0,3,16,27,8,5,4,0,0,0,0,63,4.8%   25.4%   42.9%   12.7%   14.3%,1,2,2022,276
TFL 318,Second FL(4)-Turkish (B1),PED,1,24,13,8,4,0,2,0,0,0,0,51,47.1%   25.5%   15.7%   7.8%   3.9%,1,2,2022,213
TFL 322,Second FL(4)-Chinese (B1),PED,0,4,6,9,12,0,2,0,0,0,0,33,12.1%   18.2%   27.3%   36.4%   6.1%,1,2,2022,281
TFL 324,Second Fl(4)-French (B1),PED,0,7,8,13,5,0,0,0,0,0,0,33,21.2%   24.2%   39.4%   15.2%   0%,1,2,2022,282
TFL 324,Second Fl(4)-French (B1),PED,0,8,12,8,11,0,0,0,0,0,0,39,20.5%   30.8%   20.5%   28.2%   0%,1,2,2022,99
TFL 328,Educational Psychology,PED,0,154,52,15,0,1,8,0,0,0,0,230,67%   22.6%   6.5%   0%   3.9%,1,2,2022,289
TFL 330,Second FL(4)-Korean (B1),PED,1,24,10,1,0,0,1,0,0,0,0,36,66.7%   27.8%   2.8%   0%   2.8%,0,2,2022,290
TFL 330,Second FL(4)-Korean (B1),PED,0,21,4,6,0,0,1,0,0,0,0,32,65.6%   12.5%   18.8%   0%   3.1%,0,2,2022,536
TFL 364,Teaching Intercultural Communication in ELT,PED,0,22,39,3,1,0,0,0,0,0,0,65,33.8%   60%   4.6%   1.5%   0%,1,2,2022,292
TFL 364,Teaching Intercultural Communication in ELT,PED,0,25,50,29,9,1,5,0,0,0,0,119,21%   42%   24.4%   7.6%   5%,1,2,2022,298
TFL 364,Teaching Intercultural Communication in ELT,PED,0,14,25,7,5,1,1,0,0,0,0,53,26.4%   47.2%   13.2%   9.4%   3.8%,1,2,2022,348
TFL 366,Research Methods,PED,1,10,14,16,7,4,1,0,0,0,0,52,19.2%   26.9%   30.8%   13.5%   9.6%,1,2,2022,295
TFL 366,Research Methods,PED,1,20,2,2,0,0,2,0,0,0,0,26,76.9%   7.7%   7.7%   0%   7.7%,1,2,2022,59
TFL 366,Research Methods,PED,0,64,40,3,3,0,4,0,0,0,0,114,56.1%   35.1%   2.6%   2.6%   3.5%,1,2,2022,287
TFL 366,Research Methods,PED,0,5,18,18,14,4,4,0,0,0,0,63,7.9%   28.6%   28.6%   22.2%   12.7%,1,2,2022,182
TFL 370,Classroom management,PED,0,8,28,12,2,2,0,0,0,0,1,53,15.1%   52.8%   22.6%   3.8%   3.8%,0,2,2022,291
TFL 370,Classroom management,PED,0,4,41,28,1,1,0,0,0,0,0,75,5.3%   54.7%   37.3%   1.3%   1.3%,1,2,2022,292
TFL 370,Classroom management,PED,0,7,13,13,8,1,3,0,0,0,0,45,15.6%   28.9%   28.9%   17.8%   8.9%,1,2,2022,535
TFL 370,Classroom management,PED,0,17,34,9,4,0,1,0,0,0,0,65,26.2%   52.3%   13.8%   6.2%   1.5%,1,2,2022,293
TFL 372,Second FL(4)-German (B1),PED,0,8,19,13,5,0,4,0,0,0,0,49,16.3%   38.8%   26.5%   10.2%   8.2%,1,2,2022,296
TFL 380,Inclusive Education,PED,0,47,29,14,12,6,8,0,0,0,0,116,40.5%   25%   12.1%   10.3%   12.1%,1,2,2022,297
TFL 380,Inclusive Education,PED,0,40,59,30,4,0,2,0,0,0,0,135,29.6%   43.7%   22.2%   3%   1.5%,1,2,2022,494
TFL 383,English Lexicology and Stylistics,PED,0,31,85,38,6,1,4,0,0,0,1,166,18.7%   51.2%   22.9%   3.6%   3%,0,2,2022,534
TFL 383,English Lexicology and Stylistics,PED,0,13,25,10,17,3,5,0,0,0,1,74,17.6%   33.8%   13.5%   23%   10.8%,1,2,2022,535
TFL 402,Pedagogical Practicum,PED,0,22,0,1,0,0,1,0,0,0,0,24,91.7%   0%   4.2%   0%   4.2%,0,2,2022,67
TFL 402,Pedagogical Practicum,PED,0,9,4,0,0,0,0,0,0,0,0,13,69.2%   30.8%   0%   0%   0%,1,2,2022,297
TFL 402,Pedagogical Practicum,PED,0,10,0,0,0,0,0,0,0,0,0,10,100%   0%   0%   0%   0%,0,2,2022,291
TFL 402,Pedagogical Practicum,PED,0,5,6,1,0,0,0,0,0,0,0,12,41.7%   50%   8.3%   0%   0%,1,2,2022,286
TFL 402,Pedagogical Practicum,PED,1,23,1,0,0,0,1,0,0,0,0,25,92%   4%   0%   0%   4%,0,2,2022,223
TFL 402,Pedagogical Practicum,PED,0,22,0,0,0,0,1,0,0,0,0,23,95.7%   0%   0%   0%   4.3%,0,2,2022,273
TFL 402,Pedagogical Practicum,PED,0,13,0,0,0,0,0,0,0,0,0,13,100%   0%   0%   0%   0%,0,2,2022,279
TFL 402,Pedagogical Practicum,PED,0,9,0,1,0,0,0,0,0,0,0,10,90%   0%   10%   0%   0%,1,2,2022,268
TFL 402,Pedagogical Practicum,PED,0,13,0,0,0,0,0,0,0,0,0,13,100%   0%   0%   0%   0%,1,2,2022,348
TFL 402,Pedagogical Practicum,PED,1,11,0,0,0,0,0,0,0,0,0,11,100%   0%   0%   0%   0%,1,2,2022,295
TFL 402,Pedagogical Practicum,PED,0,4,5,2,0,0,1,0,0,0,0,12,33.3%   41.7%   16.7%   0%   8.3%,1,2,2022,266
TFL 402,Pedagogical Practicum,PED,0,6,6,1,0,0,0,0,0,0,0,13,46.2%   46.2%   7.7%   0%   0%,1,2,2022,182
TFL 402,Pedagogical Practicum,PED,0,10,0,0,0,0,0,0,0,0,0,10,100%   0%   0%   0%   0%,1,2,2022,494
TFL 402,Pedagogical Practicum,PED,0,9,1,0,1,0,0,0,0,0,0,11,81.8%   9.1%   0%   9.1%   0%,0,2,2022,491
TFL 438,Assessment in Foreign Language Teaching,PED,0,0,0,3,2,0,0,0,0,0,0,5,0%   0%   60%   40%   0%,0,2,2022,291
TFL 441,Micro Teaching in Foreign Language (Second) - 6 : Turkish (B1-B2),PED,1,0,7,14,4,0,3,0,0,0,0,28,0%   25%   50%   14.3%   10.7%,0,2,2022,223
TFL 443,Micro Teaching in Foreign Language (Second) - 6 : Chinese (B1-B2),PED,0,21,5,1,0,0,0,0,0,0,0,27,77.8%   18.5%   3.7%   0%   0%,1,2,2022,490
TFL 445,Micro Teaching in Foreign Language (Second) - 6 : French (B1-B2),PED,0,10,16,11,17,0,1,0,0,0,0,55,18.2%   29.1%   20%   30.9%   1.8%,1,2,2022,99
TFL 448,Major field exam,PED,0,0,1,0,0,0,0,0,0,0,0,1,0%   100%   0%   0%   0%,1,2,2022,60
TFL 448,Major field exam,PED,0,4,36,65,43,6,2,0,0,0,0,156,2.6%   23.1%   41.7%   27.6%   5.1%,1,2,2022,286
TFL 449,Micro Teaching in Foreign Language (Second) - 6 : Korean (B1-B2),PED,1,39,5,2,1,0,2,0,0,0,0,49,79.6%   10.2%   4.1%   2%   4.1%,0,2,2022,290
TFL 450,Pre-graduation practicum,PED,0,6,7,0,0,0,0,0,0,0,0,13,46.2%   53.8%   0%   0%   0%,1,2,2022,60
TFL 463,Micro Teaching in Foreign Language (Second) - 6 : German (B1-B2),PED,0,0,6,8,9,0,0,0,0,0,0,23,0%   26.1%   34.8%   39.1%   0%,1,2,2022,296
TFL 463,Micro Teaching in Foreign Language (Second) - 6 : German (B1-B2),PED,0,6,9,7,5,0,1,0,0,0,0,28,21.4%   32.1%   25%   17.9%   3.6%,1,2,2022,285
TFL 464,Teaching Practicum,PED,0,90,14,2,1,0,4,0,0,0,0,111,81.1%   12.6%   1.8%   0.9%   3.6%,1,2,2022,286
TFL 468,Major Field Exam Preparation,PED,0,3,8,15,1,0,0,0,0,0,0,27,11.1%   29.6%   55.6%   3.7%   0%,0,2,2022,291
TFL 468,Major Field Exam Preparation,PED,0,1,18,18,18,1,2,0,0,0,0,58,1.7%   31%   31%   31%   5.2%,1,2,2022,286
TFL 468,Major Field Exam Preparation,PED,0,1,6,11,9,1,2,0,0,0,0,30,3.3%   20%   36.7%   30%   10%,1,2,2022,348
TFL 468,Major Field Exam Preparation,PED,0,5,15,21,12,0,4,0,0,0,0,57,8.8%   26.3%   36.8%   21.1%   7%,1,2,2022,182
TFL 469,Pre-graduation practicum,PED,0,78,9,4,0,0,1,0,0,0,0,92,84.8%   9.8%   4.3%   0%   1.1%,1,2,2022,286
TFL 503,"Discourse, Culture and Communication in Language Teaching",PED,1,7,7,11,2,0,1,0,0,0,0,28,25%   25%   39.3%   7.1%   3.6%,1,2,2022,537
TFL 542,TEFL Curriculum Design and Materials Evaluation,PED,1,5,13,9,2,2,1,0,0,0,0,32,15.6%   40.6%   28.1%   6.3%   9.4%,1,2,2022,301
TFL 546,Academic Writing,PED,1,6,12,9,2,1,1,0,0,0,0,31,19.4%   38.7%   29%   6.5%   6.5%,1,2,2022,260
TFL 547,Assessment of Foreign Language Proficiency,PED,1,4,19,6,1,0,1,0,0,0,0,31,12.9%   61.3%   19.4%   3.2%   3.2%,0,2,2022,275
TFL 554,Foreign Language (for specific purposes),PED,1,5,5,1,0,0,0,0,0,0,0,11,45.5%   45.5%   9.1%   0%   0%,0,2,2022,302
TFL 618,Preparation and defence of Master's Thesis,PED,1,23,16,6,5,0,3,0,0,0,0,53,43.4%   30.2%   11.3%   9.4%   5.7%,1,2,2022,537
TFL 631,Qualitative Methods in Educational Research,PED,1,10,11,5,1,0,1,0,0,0,0,28,35.7%   39.3%   17.9%   3.6%   3.6%,1,2,2022,537
TFL 731,Research Methods (TESOL and Applied Linguistics),PED,1,0,2,0,0,0,0,0,0,0,0,2,0%   100%   0%   0%   0%,1,2,2022,537
TFL 734,Management and Leadership in Language Education,PED,1,0,1,0,0,0,0,0,0,0,0,1,0%   100%   0%   0%   0%,1,2,2022,537
TFL 746,Pedagogical practice in Higher Education,PED,1,3,0,0,0,0,0,0,0,0,0,3,100%   0%   0%   0%   0%,1,2,2022,301
TRA 219,Translation and Interpreting Internship 1,PED,1,107,27,4,0,0,9,0,0,0,0,147,72.8%   18.4%   2.7%   0%   6.1%,1,2,2022,59
TRA 241,Introduction to Interpreting,PED,0,58,53,16,4,0,10,0,0,0,0,141,41.1%   37.6%   11.3%   2.8%   7.1%,0,2,2022,306
TRA 325,Audiovisual translation,PED,1,24,2,0,0,0,2,0,0,0,0,28,85.7%   7.1%   0%   0%   7.1%,1,2,2022,59
TRA 330,Computer-Assisted Translation,PED,0,17,5,1,0,1,0,0,0,0,0,24,70.8%   20.8%   4.2%   0%   4.2%,1,2,2022,538
TRA 346,Consecutive interpreting 2,PED,0,2,18,3,1,0,2,0,0,0,0,26,7.7%   69.2%   11.5%   3.8%   7.7%,0,2,2022,306
TRA 405,Scientific and technical translation,PED,0,8,10,3,2,0,3,0,0,0,0,26,30.8%   38.5%   11.5%   7.7%   11.5%,1,2,2022,287
TRA 454,Professional practice,PED,0,5,5,0,1,0,0,0,0,0,0,11,45.5%   45.5%   0%   9.1%   0%,1,2,2022,60
